Chromosome,Position,Gene ID,Reference,Alteration,fraction
1,2229145,SKI,C,T,0.05
1,2229275,SKI,C,T,0.05
1,2229410,SKI,A,T,0.05
1,2561704,TNFRSF14,G,T,0.05
1,3385231,PRDM16,G,A,0.05
1,3396498,PRDM16,A,G,0.05
1,3411750,PRDM16,T,A,0.05
1,3414567,PRDM16,G,C,0.05
1,6825124,CAMTA1,A,C,0.05
1,7249591,CAMTA1,G,C,0.05
1,7663407,CAMTA1,C,G,0.05
1,7665182,CAMTA1,G,C,0.05
1,7671023,CAMTA1,G,A,0.05
1,7736494,CAMTA1,G,A,0.05
1,7746020,CAMTA1,C,G,0.05
1,11109320,MTOR,T,A,0.05
1,11114815,MTOR,C,G,0.05
1,11114872,MTOR,C,G,0.05
1,11114874,MTOR,C,T,0.05
1,11127059,MTOR,C,A,0.05
1,11128120,MTOR,T,A,0.05
1,11133168,MTOR,A,C,0.05
1,11144685,MTOR,C,G,0.05
1,11150146,MTOR,G,A,0.05
1,11157173,MTOR,C,T,0.05
1,11210824,MTOR,C,G,0.05
1,11234260,MTOR,C,G,0.05
1,11257040,MTOR,G,C,0.05
1,13778789,PRDM2,G,C,0.05
1,13779089,PRDM2,G,A,0.05
1,13779362,PRDM2,G,C,0.05
1,13781027,PRDM2,C,G,0.05
1,13781684,PRDM2,A,T,0.05
1,13782191,PRDM2,T,C,0.05
1,13782534,PRDM2,G,A,0.05
1,15876299,SPEN,G,A,0.05
1,15920915,SPEN,G,A,0.05
1,15920983,SPEN,G,T,0.05
1,15928150,SPEN,G,A,0.05
1,15928239,SPEN,G,C,0.05
1,15929094,SPEN,G,A,0.05
1,15931668,SPEN,C,T,0.05
1,15932169,SPEN,C,T,0.05
1,15932874,SPEN,G,A,0.05
1,15935518,SPEN,T,G,0.05
1,15937461,SPEN,A,T,0.05
1,15938874,SPEN,C,G,0.05
1,17623017,ARHGEF10L,G,A,0.05
1,17627408,ARHGEF10L,G,A,0.05
1,17632375,ARHGEF10L,G,T,0.05
1,17648569,ARHGEF10L,C,G,0.05
1,18634326,PAX7,C,T,0.05
1,18691852,PAX7,C,A,0.05
1,26732782,ARID1A,C,G,0.05
1,26761013,ARID1A,G,A,0.05
1,26763095,ARID1A,C,T,0.05
1,26763197,ARID1A,G,T,0.05
1,26766268,ARID1A,G,C,0.05
1,26771251,ARID1A,G,A,0.05
1,26772987,ARID1A,G,A,0.05
1,26774759,ARID1A,G,A,0.05
1,26779732,ARID1A,C,T,0.05
1,26779739,ARID1A,G,T,0.05
1,26779872,ARID1A,T,C,0.05
1,26780065,ARID1A,T,G,0.05
1,26780325,ARID1A,C,T,0.05
1,32276698,LCK,G,C,0.05
1,32285605,LCK,G,A,0.05
1,35188076,SFPQ,C,T,0.05
1,35190862,SFPQ,T,C,0.05
1,36286532,THRAP3,G,C,0.05
1,36286550,THRAP3,A,C,0.05
1,36287099,THRAP3,G,A,0.05
1,36287110,THRAP3,C,G,0.05
1,36287183,THRAP3,G,A,0.05
1,36293900,THRAP3,G,A,0.05
1,36293901,THRAP3,A,T,0.05
1,36301010,THRAP3,G,A,0.05
1,36466592,CSF3R,G,T,0.05
1,36467585,CSF3R,C,T,0.05
1,36475385,CSF3R,C,G,0.05
1,39897559,MYCL,G,A,0.05
1,45332169,MUTYH,C,G,0.05
1,47224042,TAL1,T,C,0.05
1,47263049,STIL,C,T,0.05
1,47282348,STIL,C,G,0.05
1,47287597,STIL,C,G,0.05
1,47293542,STIL,C,G,0.05
1,51399153,EPS15,C,A,0.05
1,51400933,EPS15,G,T,0.05
1,51408330,EPS15,G,C,0.05
1,51447015,EPS15,C,A,0.05
1,58782737,JUN,C,T,0.05
1,64834635,JAK1,C,T,0.05
1,64847633,JAK1,C,A,0.05
1,64857708,JAK1,C,T,0.05
1,64866964,JAK1,C,G,0.05
1,64869392,JAK1,C,T,0.05
1,77949232,FUBP1,C,G,0.05
1,77955294,FUBP1,C,T,0.05
1,77964705,FUBP1,C,T,0.05
1,77978973,FUBP1,G,T,0.05
1,85267647,BCL10,G,A,0.05
1,85267944,BCL10,C,A,0.05
1,85270688,BCL10,C,A,0.05
1,85270702,BCL10,G,C,0.05
1,85270708,BCL10,T,G,0.05
1,85270806,BCL10,T,C,0.05
1,92833429,RPL5,G,C,0.05
1,92834879,RPL5,C,G,0.05
1,110339967,RBM15,G,A,0.05
1,110341651,RBM15,C,G,0.05
1,110341965,RBM15,C,T,0.05
1,110342023,RBM15,C,G,0.05
1,110342101,RBM15,A,G,0.05
1,114397949,TRIM33,A,C,0.05
1,114397988,TRIM33,C,T,0.05
1,114401406,TRIM33,C,T,0.05
1,114401433,TRIM33,A,G,0.05
1,114410244,TRIM33,G,T,0.05
1,114709670,NRAS,T,G,0.05
1,114713920,NRAS,T,G,0.05
1,114716097,NRAS,G,T,0.05
1,116387312,ATP1A1,G,C,0.05
1,116390782,ATP1A1,G,A,0.05
1,116393585,ATP1A1,A,C,0.05
1,116393597,ATP1A1,G,A,0.05
1,116393616,ATP1A1,G,A,0.05
1,116398671,ATP1A1,G,T,0.05
1,116399421,ATP1A1,T,C,0.05
1,117623719,TENT5C,A,G,0.05
1,119916265,NOTCH2,A,C,0.05
1,119922300,NOTCH2,G,T,0.05
1,119922642,NOTCH2,C,A,0.05
1,119922749,NOTCH2,C,T,0.05
1,119922750,NOTCH2,G,C,0.05
1,119941643,NOTCH2,C,T,0.05
1,119950801,NOTCH2,G,A,0.05
1,119963791,NOTCH2,C,A,0.05
1,119997098,NOTCH2,T,A,0.05
1,119997297,NOTCH2,G,A,0.05
1,147612969,BCL9,C,G,0.05
1,147615814,BCL9,C,A,0.05
1,147619882,BCL9,C,T,0.05
1,147620775,BCL9,C,G,0.05
1,147624290,BCL9,C,G,0.05
1,147624391,BCL9,G,A,0.05
1,147624877,BCL9,T,C,0.05
1,147624885,BCL9,C,T,0.05
1,148929236,PDE4DIP,G,C,0.05
1,148953642,PDE4DIP,C,G,0.05
1,148961840,PDE4DIP,C,A,0.05
1,148961858,PDE4DIP,G,A,0.05
1,148981383,PDE4DIP,T,C,0.05
1,149001907,PDE4DIP,G,C,0.05
1,149005188,PDE4DIP,C,T,0.05
1,149007208,PDE4DIP,G,A,0.05
1,149007250,PDE4DIP,C,T,0.05
1,149007307,PDE4DIP,G,C,0.05
1,149009726,PDE4DIP,C,G,0.05
1,149010494,PDE4DIP,C,T,0.05
1,149017852,PDE4DIP,C,T,0.05
1,149028659,PDE4DIP,G,T,0.05
1,150826610,ARNT,A,G,0.05
1,150852802,ARNT,C,G,0.05
1,150927915,SETDB1,G,T,0.05
1,150943025,SETDB1,G,A,0.05
1,150943936,SETDB1,G,T,0.05
1,150945070,SETDB1,G,A,0.05
1,150949148,SETDB1,G,A,0.05
1,150949399,SETDB1,A,C,0.05
1,150949438,SETDB1,C,A,0.05
1,150949525,SETDB1,G,A,0.05
1,150951439,SETDB1,C,G,0.05
1,150951439,SETDB1,C,T,0.05
1,150960598,SETDB1,G,T,0.05
1,150960675,SETDB1,G,C,0.05
1,150964252,SETDB1,T,G,0.05
1,154173161,TPM3,C,T,0.05
1,154173178,TPM3,C,T,0.05
1,154183053,TPM3,C,T,0.05
1,154191229,TPM3,T,A,0.05
1,154191272,TPM3,C,A,0.05
1,155187728,MUC1,C,A,0.05
1,155188239,MUC1,T,C,0.05
1,155188488,MUC1,G,A,0.05
1,156115168,LMNA,G,A,0.05
1,156134458,LMNA,G,A,0.05
1,156136374,LMNA,G,A,0.05
1,156864427,NTRK1,C,G,0.05
1,156876515,NTRK1,G,A,0.05
1,157578515,FCRL4,T,C,0.05
1,161673078,FCGR2B,C,G,0.05
1,162754806,DDR2,G,T,0.05
1,162755264,DDR2,G,A,0.05
1,162761350,DDR2,G,A,0.05
1,162761367,DDR2,C,T,0.05
1,162761438,DDR2,G,C,0.05
1,162767285,DDR2,G,C,0.05
1,162773580,DDR2,G,A,0.05
1,162773588,DDR2,G,C,0.05
1,164792674,PBX1,A,T,0.05
1,164807612,PBX1,A,T,0.05
1,164821552,PBX1,C,T,0.05
1,170664314,PRRX1,G,T,0.05
1,170719768,PRRX1,G,A,0.05
1,170726236,PRRX1,G,A,0.05
1,170726328,PRRX1,G,C,0.05
1,170726346,PRRX1,C,T,0.05
1,179117377,ABL2,C,G,0.05
1,179121825,ABL2,G,A,0.05
1,179121852,ABL2,C,G,0.05
1,179126385,ABL2,C,A,0.05
1,179126660,ABL2,C,T,0.05
1,186318733,TPR,C,T,0.05
1,186322585,TPR,C,A,0.05
1,186335339,TPR,T,A,0.05
1,186335361,TPR,C,T,0.05
1,186335456,TPR,C,G,0.05
1,186336554,TPR,C,A,0.05
1,186343426,TPR,G,C,0.05
1,186351990,TPR,G,T,0.05
1,186356393,TPR,C,T,0.05
1,186356442,TPR,C,G,0.05
1,186360352,TPR,G,C,0.05
1,186367904,TPR,C,T,0.05
1,193130208,CDC73,G,A,0.05
1,193138106,CDC73,G,A,0.05
1,193152419,CDC73,A,T,0.05
1,193203841,CDC73,T,C,0.05
1,193212068,CDC73,C,A,0.05
1,193212396,CDC73,G,A,0.05
1,193233085,CDC73,G,A,0.05
1,193236291,CDC73,C,T,0.05
1,193249769,CDC73,A,T,0.05
1,193249849,CDC73,C,T,0.05
1,198706842,PTPRC,G,A,0.05
1,198708205,PTPRC,A,C,0.05
1,198718181,PTPRC,G,A,0.05
1,198735148,PTPRC,C,T,0.05
1,198741941,PTPRC,G,C,0.05
1,198742365,PTPRC,G,A,0.05
1,198752600,PTPRC,G,A,0.05
1,202015267,ELF3,T,G,0.05
1,204525538,MDM4,C,T,0.05
1,204526414,MDM4,G,A,0.05
1,204537480,MDM4,A,T,0.05
1,204549210,MDM4,G,T,0.05
1,205620696,ELK4,G,T,0.05
1,205659338,SLC45A3,C,T,0.05
1,205663277,SLC45A3,C,T,0.05
1,205663556,SLC45A3,G,A,0.05
1,240806178,RGS7,C,T,0.05
1,240806212,RGS7,C,A,0.05
1,240806323,RGS7,G,T,0.05
1,240811922,RGS7,A,C,0.05
1,240813684,RGS7,A,C,0.05
1,240827103,RGS7,G,A,0.05
1,240827125,RGS7,T,G,0.05
1,240930734,RGS7,G,A,0.05
1,241098744,RGS7,G,A,0.05
1,241506059,FH,A,G,0.05
1,243505268,AKT3,G,A,0.05
1,243512372,AKT3,C,G,0.05
1,243563740,AKT3,G,C,0.05
1,243573029,AKT3,C,G,0.05
1,243637719,AKT3,C,G,0.05
1,243664806,AKT3,C,T,0.05
2,15945903,MYCN,T,A,0.05
2,15945984,MYCN,G,A,0.05
2,24673367,NCOA1,G,C,0.05
2,24683079,NCOA1,C,A,0.05
2,24707677,NCOA1,A,T,0.05
2,24726635,NCOA1,A,T,0.05
2,24729537,NCOA1,C,A,0.05
2,24758029,NCOA1,A,G,0.05
2,25234349,DNMT3A,C,T,0.05
2,25240672,DNMT3A,G,C,0.05
2,25246307,DNMT3A,C,G,0.05
2,25247149,DNMT3A,C,T,0.05
2,25248099,DNMT3A,C,T,0.05
2,25300162,DNMT3A,C,T,0.05
2,25744311,ASXL2,C,T,0.05
2,25744346,ASXL2,G,A,0.05
2,25744362,ASXL2,C,T,0.05
2,25749812,ASXL2,C,G,0.05
2,25756053,ASXL2,G,A,0.05
2,25756066,ASXL2,C,T,0.05
2,25759600,ASXL2,G,A,0.05
2,29220725,ALK,C,G,0.05
2,29222605,ALK,C,T,0.05
2,29232409,ALK,C,T,0.05
2,29239695,ALK,C,A,0.05
2,29239796,ALK,C,T,0.05
2,29296979,ALK,C,G,0.05
2,32415503,BIRC6,C,G,0.05
2,32430939,BIRC6,A,G,0.05
2,32430957,BIRC6,T,G,0.05
2,32433669,BIRC6,G,C,0.05
2,32463242,BIRC6,C,T,0.05
2,32473193,BIRC6,G,T,0.05
2,32477551,BIRC6,T,A,0.05
2,32491536,BIRC6,G,A,0.05
2,32501824,BIRC6,C,T,0.05
2,32505199,BIRC6,C,G,0.05
2,32513097,BIRC6,G,A,0.05
2,32518917,BIRC6,C,T,0.05
2,32525613,BIRC6,C,T,0.05
2,32543533,BIRC6,G,T,0.05
2,32545786,BIRC6,C,T,0.05
2,32545805,BIRC6,C,T,0.05
2,32549437,BIRC6,C,T,0.05
2,32575275,BIRC6,G,A,0.05
2,32597925,BIRC6,G,T,0.05
2,32599754,BIRC6,C,A,0.05
2,32607558,BIRC6,G,A,0.05
2,32611497,BIRC6,G,T,0.05
2,32611497,BIRC6,G,A,0.05
2,36851022,STRN,G,C,0.05
2,36966279,STRN,C,A,0.05
2,42286344,EML4,G,C,0.05
2,42295214,EML4,G,T,0.05
2,42303325,EML4,A,G,0.05
2,46347010,EPAS1,C,T,0.05
2,46360676,EPAS1,G,C,0.05
2,46360680,EPAS1,G,A,0.05
2,46361005,EPAS1,C,A,0.05
2,47445622,MSH2,C,G,0.05
2,47466727,MSH2,G,C,0.05
2,47475241,MSH2,A,C,0.05
2,47783347,MSH6,C,T,0.05
2,47799310,MSH6,G,A,0.05
2,47799772,MSH6,G,C,0.05
2,47800059,MSH6,A,C,0.05
2,47800445,MSH6,T,C,0.05
2,47800894,MSH6,G,C,0.05
2,47800960,MSH6,G,A,0.05
2,47801129,MSH6,C,T,0.05
2,47806545,MSH6,G,T,0.05
2,47806650,MSH6,C,T,0.05
2,47810335,FBXO11,T,C,0.05
2,47818984,FBXO11,C,G,0.05
2,47820388,FBXO11,C,T,0.05
2,47822229,FBXO11,T,C,0.05
2,60460439,BCL11A,C,T,0.05
2,60460481,BCL11A,C,T,0.05
2,60460883,BCL11A,C,T,0.05
2,60461081,BCL11A,C,T,0.05
2,60461495,BCL11A,C,T,0.05
2,60918492,REL,C,G,0.05
2,60920621,REL,G,A,0.05
2,61478931,XPO1,C,A,0.05
2,61481221,XPO1,G,C,0.05
2,61484080,XPO1,C,A,0.05
2,61488232,XPO1,C,T,0.05
2,61492078,XPO1,A,G,0.05
2,61492337,XPO1,C,T,0.05
2,61492596,XPO1,C,T,0.05
2,61492625,XPO1,G,C,0.05
2,61493006,XPO1,C,G,0.05
2,61533858,XPO1,G,A,0.05
2,70087762,PCBP1,G,C,0.05
2,74366569,DCTN1,C,T,0.05
2,74367099,DCTN1,C,G,0.05
2,74368732,DCTN1,C,T,0.05
2,74368834,DCTN1,C,T,0.05
2,74369392,DCTN1,C,T,0.05
2,74370213,DCTN1,C,G,0.05
2,79869928,CTNNA2,G,T,0.05
2,79874107,CTNNA2,T,A,0.05
2,79909643,CTNNA2,C,T,0.05
2,80393221,CTNNA2,A,T,0.05
2,80419578,CTNNA2,G,A,0.05
2,80546021,CTNNA2,G,C,0.05
2,80546033,CTNNA2,A,C,0.05
2,80647637,CTNNA2,T,C,0.05
2,80647802,CTNNA2,G,A,0.05
2,96254073,TMEM127,G,C,0.05
2,99554439,AFF3,G,A,0.05
2,99565590,AFF3,C,T,0.05
2,99593230,AFF3,C,T,0.05
2,99593308,AFF3,C,G,0.05
2,99593369,AFF3,C,A,0.05
2,99649629,AFF3,T,A,0.05
2,100006660,AFF3,G,C,0.05
2,100006793,AFF3,T,C,0.05
2,100006967,AFF3,G,C,0.05
2,100007432,AFF3,C,T,0.05
2,100008827,AFF3,G,T,0.05
2,106436151,RGPD3,A,T,0.05
2,108730874,RANBP2,G,A,0.05
2,108764549,RANBP2,C,G,0.05
2,108766847,RANBP2,G,C,0.05
2,108767050,RANBP2,G,A,0.05
2,108767308,RANBP2,C,G,0.05
2,108771809,RANBP2,T,C,0.05
2,108772500,RANBP2,G,A,0.05
2,108772978,RANBP2,G,A,0.05
2,108777171,RANBP2,G,A,0.05
2,113241603,PAX8,C,T,0.05
2,113246832,PAX8,G,T,0.05
2,127279237,ERCC3,C,T,0.05
2,127292707,ERCC3,G,A,0.05
2,127293544,ERCC3,T,G,0.05
2,136115324,CXCR4,G,T,0.05
2,136115496,CXCR4,A,T,0.05
2,136115555,CXCR4,G,A,0.05
2,140325801,LRP1B,C,T,0.05
2,140335711,LRP1B,G,C,0.05
2,140350856,LRP1B,C,T,0.05
2,140385953,LRP1B,C,T,0.05
2,140444348,LRP1B,C,G,0.05
2,140501706,LRP1B,T,G,0.05
2,140509966,LRP1B,C,G,0.05
2,140526249,LRP1B,C,T,0.05
2,140769330,LRP1B,G,A,0.05
2,140770896,LRP1B,G,A,0.05
2,140840073,LRP1B,C,A,0.05
2,140841014,LRP1B,G,A,0.05
2,140841051,LRP1B,G,A,0.05
2,140883964,LRP1B,G,A,0.05
2,140886260,LRP1B,C,A,0.05
2,140923121,LRP1B,C,T,0.05
2,140950265,LRP1B,C,G,0.05
2,140989556,LRP1B,C,G,0.05
2,141015731,LRP1B,T,A,0.05
2,141019994,LRP1B,G,C,0.05
2,141049220,LRP1B,G,A,0.05
2,147915234,ACVR2A,C,T,0.05
2,147918475,ACVR2A,A,T,0.05
2,147918553,ACVR2A,C,G,0.05
2,147923070,ACVR2A,T,C,0.05
2,177233281,NFE2L2,G,C,0.05
2,177234075,NFE2L2,C,T,0.05
2,177234088,NFE2L2,C,G,0.05
2,186590485,ITGAV,C,G,0.05
2,186622345,ITGAV,G,C,0.05
2,186667184,ITGAV,T,C,0.05
2,186675626,ITGAV,T,G,0.05
2,186675833,ITGAV,A,G,0.05
2,188984807,COL3A1,G,C,0.05
2,188989426,COL3A1,C,T,0.05
2,188998276,COL3A1,G,A,0.05
2,189003447,COL3A1,G,T,0.05
2,189009220,COL3A1,T,A,0.05
2,189795819,PMS1,C,G,0.05
2,189795941,PMS1,G,A,0.05
2,189853946,PMS1,G,A,0.05
2,189863774,PMS1,C,G,0.05
2,189877398,PMS1,T,G,0.05
2,197401818,SF3B1,T,C,0.05
2,197402110,SF3B1,T,C,0.05
2,197402635,SF3B1,C,G,0.05
2,197402637,SF3B1,T,C,0.05
2,197402735,SF3B1,G,A,0.05
2,197402757,SF3B1,T,C,0.05
2,197402769,SF3B1,C,G,0.05
2,197405322,SF3B1,G,A,0.05
2,201272677,CASP8,A,G,0.05
2,201276843,CASP8,A,T,0.05
2,201276863,CASP8,C,T,0.05
2,201276908,CASP8,C,T,0.05
2,201284842,CASP8,C,T,0.05
2,201284960,CASP8,C,T,0.05
2,201285026,CASP8,C,T,0.05
2,201285224,CASP8,C,T,0.05
2,201285251,CASP8,G,A,0.05
2,201286519,CASP8,C,G,0.05
2,203734856,CD28,C,T,0.05
2,203734904,CD28,C,T,0.05
2,207577639,CREB1,C,T,0.05
2,211383929,ERBB4,C,T,0.05
2,211420511,ERBB4,T,C,0.05
2,211420565,ERBB4,A,G,0.05
2,211424170,ERBB4,T,G,0.05
2,211624016,ERBB4,G,T,0.05
2,211630478,ERBB4,C,T,0.05
2,211630483,ERBB4,C,G,0.05
2,211630590,ERBB4,G,C,0.05
2,211657820,ERBB4,C,G,0.05
2,211679175,ERBB4,C,T,0.05
2,211702134,ERBB4,C,T,0.05
2,211704192,ERBB4,A,G,0.05
2,211722443,ERBB4,T,C,0.05
2,211750693,ERBB4,G,A,0.05
2,215312530,ATIC,G,A,0.05
2,218982164,FEV,C,G,0.05
2,218982221,FEV,C,G,0.05
2,222221306,PAX3,C,T,0.05
2,222232244,PAX3,G,A,0.05
2,222295537,PAX3,C,T,0.05
2,224478316,CUL3,C,T,0.05
2,224482066,CUL3,C,G,0.05
2,224503744,CUL3,C,T,0.05
2,224535632,CUL3,C,T,0.05
2,236580879,ACKR3,G,T,0.05
2,236580947,ACKR3,G,A,0.05
2,236581042,ACKR3,G,A,0.05
2,236581177,ACKR3,G,C,0.05
3,8985884,SRGAP3,C,G,0.05
3,9080057,SRGAP3,C,T,0.05
3,10064802,FANCD2,C,T,0.05
3,10065417,FANCD2,C,T,0.05
3,10078135,FANCD2,C,T,0.05
3,10087198,FANCD2,C,G,0.05
3,12379856,PPARG,G,A,0.05
3,12392622,PPARG,C,G,0.05
3,12405986,PPARG,C,G,0.05
3,12417038,PPARG,G,A,0.05
3,12584642,RAF1,C,G,0.05
3,12599739,RAF1,G,A,0.05
3,13570893,FBLN2,A,G,0.05
3,13614110,FBLN2,C,G,0.05
3,13629849,FBLN2,C,T,0.05
3,13637853,FBLN2,G,C,0.05
3,14148590,XPC,C,G,0.05
3,14148605,XPC,C,T,0.05
3,14156351,XPC,C,T,0.05
3,14156384,XPC,C,T,0.05
3,14158589,XPC,C,G,0.05
3,30688440,TGFBR2,G,A,0.05
3,30688471,TGFBR2,G,A,0.05
3,37004425,MLH1,G,C,0.05
3,37012017,MLH1,G,A,0.05
3,37040275,MLH1,C,A,0.05
3,37047678,MLH1,G,C,0.05
3,41225004,CTNNB1,A,G,0.05
3,41236463,CTNNB1,C,G,0.05
3,47017702,SETD2,C,T,0.05
3,47057429,SETD2,C,T,0.05
3,47067108,SETD2,C,T,0.05
3,47088181,SETD2,T,C,0.05
3,47101469,SETD2,G,C,0.05
3,47103389,SETD2,C,A,0.05
3,47116683,SETD2,C,G,0.05
3,47116708,SETD2,A,G,0.05
3,47120518,SETD2,C,A,0.05
3,47120923,SETD2,G,T,0.05
3,47122876,SETD2,G,C,0.05
3,47123180,SETD2,A,G,0.05
3,47123206,SETD2,G,A,0.05
3,48679073,NCKIPSD,G,C,0.05
3,48681645,NCKIPSD,G,A,0.05
3,48682365,NCKIPSD,C,G,0.05
3,48682467,NCKIPSD,C,T,0.05
3,49362550,RHOA,C,G,0.05
3,49375472,RHOA,C,G,0.05
3,49375540,RHOA,C,G,0.05
3,49375577,RHOA,G,A,0.05
3,52406327,BAP1,G,A,0.05
3,52406366,BAP1,G,A,0.05
3,52406846,BAP1,G,C,0.05
3,52408056,BAP1,T,C,0.05
3,52408584,BAP1,G,C,0.05
3,52408595,BAP1,C,T,0.05
3,52587436,PBRM1,C,G,0.05
3,52589127,PBRM1,C,G,0.05
3,52617322,PBRM1,C,T,0.05
3,52634721,PBRM1,C,G,0.05
3,53497332,CACNA1D,G,T,0.05
3,53497405,CACNA1D,C,G,0.05
3,53673779,CACNA1D,T,A,0.05
3,53723472,CACNA1D,G,A,0.05
3,53731109,CACNA1D,A,G,0.05
3,53731138,CACNA1D,G,A,0.05
3,53735415,CACNA1D,T,C,0.05
3,53735478,CACNA1D,T,A,0.05
3,53770473,CACNA1D,G,A,0.05
3,53775953,CACNA1D,G,A,0.05
3,53776678,CACNA1D,C,T,0.05
3,53776951,CACNA1D,T,A,0.05
3,60536899,FHIT,A,G,0.05
3,69879181,MITF,C,T,0.05
3,69937873,MITF,C,T,0.05
3,70972667,FOXP1,G,A,0.05
3,70976961,FOXP1,G,C,0.05
3,71047068,FOXP1,C,T,0.05
3,77098227,ROBO2,T,G,0.05
3,77522900,ROBO2,G,A,0.05
3,77557956,ROBO2,G,C,0.05
3,77558134,ROBO2,G,C,0.05
3,77562655,ROBO2,C,T,0.05
3,77564968,ROBO2,A,G,0.05
3,77564983,ROBO2,T,C,0.05
3,77565092,ROBO2,T,A,0.05
3,77568367,ROBO2,G,C,0.05
3,77574696,ROBO2,T,G,0.05
3,77580026,ROBO2,G,C,0.05
3,77602420,ROBO2,G,T,0.05
3,77617580,ROBO2,G,C,0.05
3,77632557,ROBO2,G,A,0.05
3,77634900,ROBO2,G,A,0.05
3,89341048,EPHA3,A,T,0.05
3,89399343,EPHA3,T,C,0.05
3,89399421,EPHA3,G,A,0.05
3,89431160,EPHA3,C,T,0.05
3,89472485,EPHA3,C,G,0.05
3,100732547,TFG,C,T,0.05
3,105685321,CBLB,G,A,0.05
3,105720244,CBLB,C,T,0.05
3,105734139,CBLB,T,C,0.05
3,105740525,CBLB,G,C,0.05
3,105745993,CBLB,G,A,0.05
3,105776540,CBLB,C,T,0.05
3,105853604,CBLB,T,C,0.05
3,105867510,CBLB,A,C,0.05
3,121440047,POLQ,C,A,0.05
3,121483433,POLQ,G,A,0.05
3,121487374,POLQ,A,T,0.05
3,121488462,POLQ,A,G,0.05
3,121498562,POLQ,C,T,0.05
3,121519996,POLQ,G,T,0.05
3,121529766,POLQ,T,A,0.05
3,128481848,GATA2,C,T,0.05
3,128481916,GATA2,C,G,0.05
3,128486182,GATA2,G,C,0.05
3,128486994,GATA2,T,A,0.05
3,128622169,RPN1,C,G,0.05
3,128637959,RPN1,C,T,0.05
3,128638041,RPN1,C,T,0.05
3,129171479,CNBP,G,T,0.05
3,136349254,STAG1,C,T,0.05
3,136349356,STAG1,A,C,0.05
3,136359212,STAG1,G,A,0.05
3,136359262,STAG1,T,A,0.05
3,136366989,STAG1,A,C,0.05
3,136417971,STAG1,C,G,0.05
3,136422516,STAG1,C,T,0.05
3,136422984,STAG1,A,C,0.05
3,136423008,STAG1,C,T,0.05
3,136473611,STAG1,C,G,0.05
3,136477358,STAG1,C,T,0.05
3,136477392,STAG1,C,G,0.05
3,136502756,STAG1,C,G,0.05
3,138655451,PIK3CB,C,T,0.05
3,138656177,PIK3CB,C,T,0.05
3,138684638,PIK3CB,G,A,0.05
3,138684751,PIK3CB,G,A,0.05
3,138691103,PIK3CB,C,A,0.05
3,138699019,PIK3CB,T,C,0.05
3,138755843,PIK3CB,C,T,0.05
3,138946173,FOXL2,C,T,0.05
3,142457606,ATR,C,G,0.05
3,142457674,ATR,C,T,0.05
3,142459357,ATR,G,A,0.05
3,142485165,ATR,G,A,0.05
3,142497176,ATR,C,T,0.05
3,142498610,ATR,C,G,0.05
3,142498637,ATR,C,G,0.05
3,142540910,ATR,C,T,0.05
3,142540937,ATR,C,T,0.05
3,142547901,ATR,C,T,0.05
3,155903958,GMPS,C,G,0.05
3,155906209,GMPS,G,C,0.05
3,155935022,GMPS,G,C,0.05
3,158598175,MLF1,G,T,0.05
3,158602846,MLF1,T,C,0.05
3,169115992,MECOM,T,G,0.05
3,169116449,MECOM,G,A,0.05
3,169116719,MECOM,A,G,0.05
3,169121109,MECOM,G,A,0.05
3,169121115,MECOM,G,C,0.05
3,169122618,MECOM,C,T,0.05
3,169128046,MECOM,G,A,0.05
3,169381339,MECOM,G,T,0.05
3,177026437,TBL1XR1,C,T,0.05
3,177034271,TBL1XR1,C,T,0.05
3,177047310,TBL1XR1,C,A,0.05
3,177064975,Lost,C,G,0.05
3,179199066,PIK3CA,G,A,0.05
3,179199073,PIK3CA,T,C,0.05
3,179199088,PIK3CA,G,A,0.05
3,179199136,PIK3CA,C,T,0.05
3,179199141,PIK3CA,G,C,0.05
3,179199148,PIK3CA,G,A,0.05
3,179199156,PIK3CA,A,G,0.05
3,179199158,PIK3CA,G,C,0.05
3,179199690,PIK3CA,G,A,0.05
3,179203760,PIK3CA,G,A,0.05
3,179203763,PIK3CA,A,C,0.05
3,179203764,PIK3CA,A,C,0.05
3,179203765,PIK3CA,T,A,0.05
3,179203778,PIK3CA,G,A,0.05
3,179203779,PIK3CA,A,G,0.05
3,179204513,PIK3CA,G,A,0.05
3,179204536,PIK3CA,G,A,0.05
3,179204537,PIK3CA,A,T,0.05
3,179209642,PIK3CA,G,A,0.05
3,179210192,PIK3CA,T,C,0.05
3,179210291,PIK3CA,G,A,0.05
3,179218229,PIK3CA,A,T,0.05
3,179218286,PIK3CA,C,G,0.05
3,179218294,PIK3CA,G,C,0.05
3,179218294,PIK3CA,G,A,0.05
3,179218295,PIK3CA,A,G,0.05
3,179218303,PIK3CA,G,A,0.05
3,179218304,PIK3CA,A,G,0.05
3,179218304,PIK3CA,A,C,0.05
3,179218305,PIK3CA,G,C,0.05
3,179218306,PIK3CA,C,A,0.05
3,179218307,PIK3CA,A,C,0.05
3,179218307,PIK3CA,A,G,0.05
3,179219622,PIK3CA,G,A,0.05
3,179219631,PIK3CA,G,C,0.05
3,179219664,PIK3CA,T,A,0.05
3,179219710,PIK3CA,C,G,0.05
3,179220987,PIK3CA,T,A,0.05
3,179221146,PIK3CA,G,A,0.05
3,179221147,PIK3CA,A,G,0.05
3,179230039,PIK3CA,G,T,0.05
3,179230077,PIK3CA,G,C,0.05
3,179230256,PIK3CA,A,G,0.05
3,179230309,PIK3CA,A,C,0.05
3,179234122,PIK3CA,C,G,0.05
3,179234176,PIK3CA,G,C,0.05
3,179234219,PIK3CA,A,G,0.05
3,179234287,PIK3CA,A,T,0.05
3,179234289,PIK3CA,T,A,0.05
3,179234302,PIK3CA,G,A,0.05
3,181712610,SOX2,G,A,0.05
3,181712826,SOX2,C,T,0.05
3,185437575,MAP3K13,G,A,0.05
3,185443484,MAP3K13,G,T,0.05
3,185447826,MAP3K13,G,A,0.05
3,185463625,MAP3K13,G,A,0.05
3,185696613,IGF2BP2,T,G,0.05
3,185824848,IGF2BP2,G,T,0.05
3,186052050,ETV5,C,T,0.05
3,186057109,ETV5,C,T,0.05
3,186105853,ETV5,C,G,0.05
3,186784475,EIF4A2,G,C,0.05
3,186784585,EIF4A2,G,A,0.05
3,186786196,EIF4A2,G,A,0.05
3,186787544,EIF4A2,G,A,0.05
3,186789210,EIF4A2,G,A,0.05
3,187729427,BCL6,C,A,0.05
3,187733631,BCL6,G,C,0.05
3,188406127,LPP,C,A,0.05
3,188406130,LPP,C,G,0.05
3,188484652,LPP,C,G,0.05
3,188609653,LPP,G,C,0.05
3,188760263,LPP,A,G,0.05
3,188866246,LPP,G,A,0.05
3,188866365,LPP,G,A,0.05
3,188872706,LPP,G,C,0.05
3,189808513,TP63,C,T,0.05
3,189894348,TP63,C,G,0.05
3,192799410,MB21D2,C,T,0.05
3,195749050,MUC4,G,C,0.05
3,195762186,MUC4,C,A,0.05
3,195764132,MUC4,G,A,0.05
3,195765395,MUC4,C,T,0.05
3,195770323,MUC4,C,T,0.05
3,195780395,MUC4,G,C,0.05
3,196075252,TFRC,C,A,0.05
4,1939674,NSD2,G,A,0.05
4,1974992,NSD2,G,A,0.05
4,1975299,NSD2,G,C,0.05
4,25662795,SLC34A2,A,G,0.05
4,25664264,SLC34A2,C,A,0.05
4,25674363,SLC34A2,C,A,0.05
4,40102907,N4BP2,G,T,0.05
4,40117939,N4BP2,G,A,0.05
4,40121196,N4BP2,G,C,0.05
4,40123205,N4BP2,C,T,0.05
4,40142746,N4BP2,A,T,0.05
4,40142820,N4BP2,C,T,0.05
4,40152858,N4BP2,G,C,0.05
4,41747372,PHOX2B,C,T,0.05
4,48138994,TEC,A,C,0.05
4,48145470,TEC,G,C,0.05
4,53389853,FIP1L1,G,A,0.05
4,53452964,FIP1L1,C,T,0.05
4,53453051,FIP1L1,C,T,0.05
4,53453111,FIP1L1,C,T,0.05
4,53458739,FIP1L1,G,C,0.05
4,54014115,CHIC2,C,T,0.05
4,54049075,CHIC2,T,A,0.05
4,54064221,CHIC2,G,A,0.05
4,54064263,CHIC2,T,G,0.05
4,54267734,PDGFRA,G,C,0.05
4,54274853,PDGFRA,G,A,0.05
4,54274898,PDGFRA,G,A,0.05
4,54277969,PDGFRA,G,C,0.05
4,54285866,PDGFRA,G,A,0.05
4,54290374,PDGFRA,G,C,0.05
4,54695561,KIT,C,G,0.05
4,54723647,KIT,G,A,0.05
4,55082598,KDR,C,T,0.05
4,55087670,KDR,G,T,0.05
4,55095632,KDR,A,C,0.05
4,55096253,KDR,G,C,0.05
4,55098747,KDR,C,T,0.05
4,55101970,KDR,G,C,0.05
4,55110762,KDR,G,T,0.05
4,55114949,KDR,C,A,0.05
4,86686768,PTPN13,A,G,0.05
4,86722381,PTPN13,G,A,0.05
4,86741659,PTPN13,G,A,0.05
4,86750605,PTPN13,C,G,0.05
4,86750672,PTPN13,A,C,0.05
4,86772860,PTPN13,G,C,0.05
4,86807742,PTPN13,C,G,0.05
4,87047136,AFF1,C,T,0.05
4,87047577,AFF1,C,T,0.05
4,87108175,AFF1,C,T,0.05
4,87108248,AFF1,A,G,0.05
4,87108280,AFF1,G,A,0.05
4,87114728,AFF1,G,T,0.05
4,87114765,AFF1,G,C,0.05
4,87125134,AFF1,C,G,0.05
4,87131084,AFF1,C,T,0.05
4,87132320,AFF1,G,C,0.05
4,98404600,RAP1GDS1,A,G,0.05
4,98418720,RAP1GDS1,G,A,0.05
4,98434010,RAP1GDS1,A,G,0.05
4,98434020,RAP1GDS1,G,C,0.05
4,105234684,TET2,C,G,0.05
4,105235218,TET2,C,G,0.05
4,105236076,TET2,C,T,0.05
4,105236089,TET2,C,T,0.05
4,105236195,TET2,G,T,0.05
4,105269712,TET2,A,G,0.05
4,125317135,FAT4,G,A,0.05
4,125317351,FAT4,G,A,0.05
4,125317629,FAT4,C,G,0.05
4,125318273,FAT4,C,T,0.05
4,125319824,FAT4,C,G,0.05
4,125320943,FAT4,C,T,0.05
4,125407015,FAT4,C,T,0.05
4,125407028,FAT4,G,T,0.05
4,125407075,FAT4,A,C,0.05
4,125415422,FAT4,C,G,0.05
4,125448524,FAT4,A,G,0.05
4,125448545,FAT4,C,T,0.05
4,125449145,FAT4,G,A,0.05
4,125449809,FAT4,G,C,0.05
4,125451181,FAT4,G,T,0.05
4,125451535,FAT4,G,A,0.05
4,125451602,FAT4,C,T,0.05
4,125451719,FAT4,C,T,0.05
4,125452025,FAT4,C,T,0.05
4,125452194,FAT4,G,C,0.05
4,125463602,FAT4,A,C,0.05
4,125491263,FAT4,C,G,0.05
4,152326016,FBXW7,T,C,0.05
4,152326025,FBXW7,T,A,0.05
4,152326214,FBXW7,C,T,0.05
4,152328233,FBXW7,G,A,0.05
4,152329713,FBXW7,C,G,0.05
4,152329736,FBXW7,C,T,0.05
4,152332679,FBXW7,A,G,0.05
4,152337803,FBXW7,T,C,0.05
4,184631065,CASP3,G,T,0.05
4,186597025,FAT1,G,T,0.05
4,186597974,FAT1,C,G,0.05
4,186600210,FAT1,G,A,0.05
4,186611398,FAT1,C,G,0.05
4,186611620,FAT1,G,C,0.05
4,186617137,FAT1,C,A,0.05
4,186618514,FAT1,A,T,0.05
4,186618573,FAT1,G,T,0.05
4,186619469,FAT1,C,T,0.05
4,186619508,FAT1,C,A,0.05
4,186619976,FAT1,C,T,0.05
4,186620078,FAT1,C,T,0.05
4,186620323,FAT1,G,A,0.05
4,186620360,FAT1,C,T,0.05
4,186620407,FAT1,G,A,0.05
4,186620562,FAT1,G,C,0.05
4,186621194,FAT1,C,T,0.05
4,186636190,FAT1,T,C,0.05
4,186706968,FAT1,G,A,0.05
4,186707000,FAT1,C,T,0.05
4,186708174,FAT1,C,T,0.05
4,186708705,FAT1,C,G,0.05
4,186709424,FAT1,A,G,0.05
5,235322,SDHA,A,G,0.05
5,236519,SDHA,G,A,0.05
5,1260515,TERT,C,G,0.05
5,11018036,CTNND2,C,A,0.05
5,11022815,CTNND2,C,T,0.05
5,11022877,CTNND2,C,T,0.05
5,11022883,CTNND2,G,C,0.05
5,11022962,CTNND2,C,G,0.05
5,11082755,CTNND2,C,A,0.05
5,11117551,CTNND2,C,G,0.05
5,11159667,CTNND2,G,A,0.05
5,24488105,CDH10,G,T,0.05
5,24509696,CDH10,C,T,0.05
5,24511506,CDH10,G,A,0.05
5,24535246,CDH10,C,T,0.05
5,24535767,CDH10,G,C,0.05
5,24535772,CDH10,C,T,0.05
5,31421292,DROSHA,G,A,0.05
5,31515004,DROSHA,T,A,0.05
5,38481690,LIFR,G,T,0.05
5,38496420,LIFR,G,A,0.05
5,55951536,IL6ST,C,T,0.05
5,55952282,IL6ST,G,C,0.05
5,55960539,IL6ST,G,C,0.05
5,55968354,IL6ST,T,G,0.05
5,55968355,IL6ST,C,T,0.05
5,56864747,MAP3K1,G,C,0.05
5,56864848,MAP3K1,T,A,0.05
5,56864874,MAP3K1,C,A,0.05
5,56864897,MAP3K1,G,T,0.05
5,56865394,MAP3K1,C,T,0.05
5,56865851,MAP3K1,A,G,0.05
5,56875261,MAP3K1,T,C,0.05
5,56881601,MAP3K1,G,A,0.05
5,56883569,MAP3K1,T,A,0.05
5,56885938,MAP3K1,C,G,0.05
5,56887384,MAP3K1,A,G,0.05
5,56887450,MAP3K1,C,T,0.05
5,56887513,MAP3K1,C,T,0.05
5,56887518,MAP3K1,G,A,0.05
5,56888263,MAP3K1,T,C,0.05
5,56888266,MAP3K1,G,C,0.05
5,56888270,MAP3K1,T,A,0.05
5,56888275,MAP3K1,G,T,0.05
5,56888278,MAP3K1,G,C,0.05
5,56888278,MAP3K1,G,T,0.05
5,56888289,MAP3K1,G,A,0.05
5,68273473,PIK3R1,G,A,0.05
5,68293728,PIK3R1,A,G,0.05
5,68293799,PIK3R1,G,A,0.05
5,68294639,PIK3R1,A,T,0.05
5,68294653,PIK3R1,G,A,0.05
5,68295255,PIK3R1,T,C,0.05
5,68296286,PIK3R1,G,A,0.05
5,68296286,PIK3R1,G,T,0.05
5,68297433,PIK3R1,T,A,0.05
5,69374658,RAD17,G,A,0.05
5,69396437,RAD17,C,T,0.05
5,69396509,RAD17,C,G,0.05
5,112827119,APC,G,A,0.05
5,112828932,APC,G,A,0.05
5,112839344,APC,A,C,0.05
5,112839387,APC,G,C,0.05
5,112839405,APC,T,A,0.05
5,112839751,APC,G,A,0.05
5,112839760,APC,C,T,0.05
5,112839793,APC,C,T,0.05
5,112840951,APC,G,T,0.05
5,112842027,APC,G,A,0.05
5,112842889,APC,C,T,0.05
5,112843933,APC,G,C,0.05
5,131966453,ACSL6,C,T,0.05
5,131972827,ACSL6,C,T,0.05
5,131989478,ACSL6,C,T,0.05
5,132889115,AFF4,G,C,0.05
5,132892310,AFF4,G,C,0.05
5,132896639,AFF4,T,A,0.05
5,132897174,AFF4,C,T,0.05
5,132898364,AFF4,C,T,0.05
5,132934293,AFF4,G,A,0.05
5,142770910,ARHGAP26,T,C,0.05
5,142901998,ARHGAP26,T,A,0.05
5,142903612,ARHGAP26,G,C,0.05
5,143054440,ARHGAP26,C,A,0.05
5,143056062,ARHGAP26,C,G,0.05
5,143121142,ARHGAP26,G,A,0.05
5,143133977,ARHGAP26,C,T,0.05
5,143147314,ARHGAP26,T,G,0.05
5,143214028,ARHGAP26,G,A,0.05
5,150070029,CSF1R,C,T,0.05
5,150121898,PDGFRB,C,T,0.05
5,150130596,PDGFRB,C,T,0.05
5,150133649,PDGFRB,A,G,0.05
5,157208946,ITK,G,T,0.05
5,157211339,ITK,G,A,0.05
5,157232352,ITK,G,T,0.05
5,157244342,ITK,T,C,0.05
5,157245772,ITK,C,T,0.05
5,157248919,ITK,T,C,0.05
5,157248960,ITK,C,A,0.05
5,158712306,EBF1,G,A,0.05
5,158713128,EBF1,G,A,0.05
5,159084669,EBF1,C,T,0.05
5,160093683,PWWP2A,C,G,0.05
5,160094031,PWWP2A,G,A,0.05
5,171310318,TLX3,C,T,0.05
5,171387955,NPM1,G,C,0.05
5,177092703,FGFR4,G,A,0.05
5,177093670,FGFR4,C,T,0.05
5,177093706,FGFR4,G,A,0.05
5,177239774,NSD1,G,A,0.05
5,177251834,NSD1,C,G,0.05
5,177280705,NSD1,C,G,0.05
5,177280766,NSD1,C,T,0.05
5,177282492,NSD1,G,A,0.05
5,177292059,NSD1,T,G,0.05
5,177292135,NSD1,T,G,0.05
5,177293847,NSD1,C,T,0.05
5,177294017,NSD1,G,A,0.05
6,407458,IRF4,G,C,0.05
6,18236595,DEK,C,T,0.05
6,18249713,DEK,C,T,0.05
6,18258012,DEK,T,C,0.05
6,31165666,POU5F1,C,G,0.05
6,33318781,DAXX,C,T,0.05
6,37171266,PIM1,G,A,0.05
6,41689777,TFEB,T,C,0.05
6,41940470,CCND3,A,T,0.05
6,44251789,HSP90AB1,G,T,0.05
6,44252191,HSP90AB1,A,T,0.05
6,44259263,NFKBIE,C,G,0.05
6,44264995,NFKBIE,C,G,0.05
6,55874630,BMP5,A,G,0.05
6,93259393,EPHA7,C,G,0.05
6,93272306,EPHA7,A,T,0.05
6,93358408,EPHA7,C,A,0.05
6,93410726,EPHA7,T,C,0.05
6,106099349,PRDM1,A,G,0.05
6,106099492,PRDM1,C,T,0.05
6,106099529,PRDM1,G,C,0.05
6,106105207,PRDM1,C,G,0.05
6,106105789,PRDM1,C,A,0.05
6,106106447,PRDM1,A,G,0.05
6,108663998,FOXO3,G,A,0.05
6,108664706,FOXO3,G,C,0.05
6,117324359,ROS1,G,C,0.05
6,117337192,ROS1,G,T,0.05
6,117341233,ROS1,T,G,0.05
6,117394657,ROS1,G,T,0.05
6,117403151,ROS1,G,A,0.05
6,117566977,GOPC,C,T,0.05
6,117570919,GOPC,G,T,0.05
6,117579056,GOPC,C,G,0.05
6,127973760,PTPRK,G,T,0.05
6,127981187,PTPRK,C,T,0.05
6,127998797,PTPRK,T,C,0.05
6,128089810,PTPRK,C,A,0.05
6,128184544,PTPRK,T,G,0.05
6,128322271,PTPRK,C,G,0.05
6,134174061,SGK1,A,C,0.05
6,135190128,MYB,T,C,0.05
6,135190223,MYB,C,T,0.05
6,135194428,MYB,G,A,0.05
6,135198911,MYB,T,G,0.05
6,135198916,MYB,C,G,0.05
6,135200396,MYB,T,C,0.05
6,136261388,BCLAF1,G,C,0.05
6,136272071,BCLAF1,T,A,0.05
6,136273182,BCLAF1,A,G,0.05
6,137871263,TNFAIP3,G,C,0.05
6,137876011,TNFAIP3,G,C,0.05
6,137876012,TNFAIP3,T,G,0.05
6,137877249,TNFAIP3,G,T,0.05
6,137878873,TNFAIP3,G,A,0.05
6,138865133,ECT2L,C,G,0.05
6,138865176,ECT2L,T,G,0.05
6,149662040,LATS1,G,C,0.05
6,149676270,LATS1,G,T,0.05
6,149680209,LATS1,C,G,0.05
6,151807963,ESR1,G,C,0.05
6,151880675,ESR1,C,T,0.05
6,151944478,ESR1,C,T,0.05
6,152011669,ESR1,G,C,0.05
6,152011697,ESR1,G,C,0.05
6,152098787,ESR1,T,A,0.05
6,152098788,ESR1,A,C,0.05
6,157133125,ARID1B,G,C,0.05
6,157180990,ARID1B,A,G,0.05
6,157180993,ARID1B,G,A,0.05
6,157184366,ARID1B,G,C,0.05
6,157190072,ARID1B,G,C,0.05
6,157196312,ARID1B,G,A,0.05
6,157201249,ARID1B,G,A,0.05
6,157206332,ARID1B,G,C,0.05
6,157206489,ARID1B,A,C,0.05
6,157207532,ARID1B,T,A,0.05
6,157207581,ARID1B,G,C,0.05
6,158769895,EZR,C,A,0.05
6,158776457,EZR,G,A,0.05
6,163563551,QKI,A,G,0.05
6,167911344,AFDN,A,C,0.05
6,167918871,AFDN,G,T,0.05
6,167922912,AFDN,G,C,0.05
7,2913383,CARD11,G,A,0.05
7,2923254,CARD11,C,T,0.05
7,2937915,CARD11,G,A,0.05
7,5973537,PMS2,C,T,0.05
7,5978602,PMS2,C,G,0.05
7,5986805,PMS2,G,C,0.05
7,5987339,PMS2,T,A,0.05
7,5999247,PMS2,T,G,0.05
7,6005982,PMS2,G,C,0.05
7,6392021,RAC1,C,T,0.05
7,13900752,ETV1,C,T,0.05
7,13900758,ETV1,C,G,0.05
7,13900778,ETV1,C,A,0.05
7,13906435,ETV1,C,G,0.05
7,13931745,ETV1,G,A,0.05
7,13939141,ETV1,C,G,0.05
7,20158386,MACC1,C,T,0.05
7,26193300,HNRNPA2B1,C,G,0.05
7,26193583,HNRNPA2B1,T,C,0.05
7,26197406,HNRNPA2B1,G,A,0.05
7,26197651,HNRNPA2B1,C,G,0.05
7,26197729,HNRNPA2B1,C,T,0.05
7,27182885,HOXA11,C,A,0.05
7,27184970,HOXA11,C,T,0.05
7,33005343,FKBP9,G,C,0.05
7,37912188,SFRP4,G,C,0.05
7,37916459,SFRP4,C,A,0.05
7,50382609,IKZF1,T,A,0.05
7,50382650,IKZF1,T,A,0.05
7,50400226,IKZF1,G,A,0.05
7,50400416,IKZF1,G,A,0.05
7,55154129,EGFR,C,T,0.05
7,55155881,EGFR,A,G,0.05
7,55157711,EGFR,C,A,0.05
7,55160212,EGFR,G,A,0.05
7,55161577,EGFR,G,C,0.05
7,55173954,EGFR,C,A,0.05
7,55191789,EGFR,C,A,0.05
7,55198798,EGFR,A,T,0.05
7,57119862,ZNF479,T,C,0.05
7,57119968,ZNF479,G,T,0.05
7,57120612,ZNF479,G,T,0.05
7,75538219,HIP1,C,G,0.05
7,75556124,HIP1,G,A,0.05
7,75568245,HIP1,C,T,0.05
7,86765461,GRM3,T,G,0.05
7,86786318,GRM3,G,A,0.05
7,86786399,GRM3,G,C,0.05
7,86786422,GRM3,G,C,0.05
7,86786525,GRM3,G,A,0.05
7,86786550,GRM3,G,A,0.05
7,86786567,GRM3,G,C,0.05
7,86838895,GRM3,G,C,0.05
7,86838941,GRM3,G,T,0.05
7,86839777,GRM3,G,A,0.05
7,86864306,GRM3,C,T,0.05
7,91941143,AKAP9,C,T,0.05
7,91994655,AKAP9,A,G,0.05
7,92001656,AKAP9,A,C,0.05
7,92002158,AKAP9,A,C,0.05
7,92012498,AKAP9,C,G,0.05
7,92012504,AKAP9,C,T,0.05
7,92012550,AKAP9,A,T,0.05
7,92012588,AKAP9,G,C,0.05
7,92052863,AKAP9,G,T,0.05
7,92052953,AKAP9,A,C,0.05
7,92061335,AKAP9,C,G,0.05
7,92062348,AKAP9,C,T,0.05
7,92076879,AKAP9,G,C,0.05
7,92079959,AKAP9,C,T,0.05
7,92082654,AKAP9,G,C,0.05
7,92083401,AKAP9,C,G,0.05
7,92084900,AKAP9,A,G,0.05
7,92086249,AKAP9,C,T,0.05
7,92097145,AKAP9,G,C,0.05
7,92097658,AKAP9,A,G,0.05
7,92100881,AKAP9,G,T,0.05
7,92108522,AKAP9,C,T,0.05
7,92108564,AKAP9,G,A,0.05
7,92725746,CDK6,G,T,0.05
7,98893843,TRRAP,G,A,0.05
7,98895774,TRRAP,T,C,0.05
7,98927287,TRRAP,G,T,0.05
7,98930808,TRRAP,T,A,0.05
7,98942979,TRRAP,G,A,0.05
7,98967679,TRRAP,G,T,0.05
7,98990604,TRRAP,G,C,0.05
7,99005348,TRRAP,G,A,0.05
7,99008406,TRRAP,A,G,0.05
7,99011224,TRRAP,G,A,0.05
7,99011233,TRRAP,C,A,0.05
7,102097414,CUX1,C,T,0.05
7,102189841,CUX1,C,T,0.05
7,102197257,CUX1,G,A,0.05
7,102201734,CUX1,G,C,0.05
7,102202157,CUX1,G,A,0.05
7,116699758,MET,G,A,0.05
7,116731701,MET,C,G,0.05
7,116731707,MET,G,A,0.05
7,116741019,MET,C,G,0.05
7,116759461,MET,G,A,0.05
7,116771882,MET,G,C,0.05
7,116778878,MET,G,A,0.05
7,116795758,MET,G,C,0.05
7,116796042,MET,C,T,0.05
7,124841173,POT1,T,A,0.05
7,124863582,POT1,G,A,0.05
7,124870945,POT1,T,A,0.05
7,127904767,SND1,G,A,0.05
7,128084762,SND1,G,T,0.05
7,129206567,SMO,G,C,0.05
7,129208809,SMO,G,A,0.05
7,129211014,SMO,A,G,0.05
7,137915957,CREB3L2,G,C,0.05
7,138504329,TRIM24,C,G,0.05
7,138504368,TRIM24,C,G,0.05
7,138567548,TRIM24,C,A,0.05
7,138579450,TRIM24,G,A,0.05
7,138583959,TRIM24,A,G,0.05
7,138584799,TRIM24,C,G,0.05
7,138881509,KIAA1549,T,A,0.05
7,138905059,KIAA1549,G,T,0.05
7,140739846,BRAF,T,C,0.05
7,140776996,BRAF,A,G,0.05
7,140781602,BRAF,C,G,0.05
7,140781663,BRAF,C,T,0.05
7,140783038,BRAF,C,T,0.05
7,140794408,BRAF,C,A,0.05
7,140834778,BRAF,G,C,0.05
7,143358884,FAM131B,C,G,0.05
7,143358997,FAM131B,A,G,0.05
7,147485945,CNTNAP2,A,C,0.05
7,147562209,CNTNAP2,G,A,0.05
7,147639276,CNTNAP2,T,C,0.05
7,147977924,CNTNAP2,G,C,0.05
7,148383804,CNTNAP2,G,A,0.05
7,148415470,CNTNAP2,C,T,0.05
7,148809098,EZH2,G,A,0.05
7,152139702,KMT2C,G,T,0.05
7,152148177,KMT2C,G,A,0.05
7,152148431,KMT2C,T,C,0.05
7,152148654,KMT2C,C,A,0.05
7,152148897,KMT2C,C,G,0.05
7,152159000,KMT2C,C,G,0.05
7,152162407,KMT2C,C,T,0.05
7,152162827,KMT2C,C,T,0.05
7,152163261,KMT2C,G,C,0.05
7,152163396,KMT2C,C,T,0.05
7,152163787,KMT2C,C,T,0.05
7,152174188,KMT2C,C,T,0.05
7,152176800,KMT2C,C,T,0.05
7,152181886,KMT2C,C,G,0.05
7,152182483,KMT2C,G,A,0.05
7,152182540,KMT2C,C,G,0.05
7,152203025,KMT2C,G,C,0.05
7,152224051,KMT2C,T,A,0.05
7,152229955,KMT2C,G,T,0.05
7,152229969,KMT2C,C,T,0.05
7,152230226,KMT2C,C,G,0.05
7,152250949,KMT2C,C,T,0.05
7,152265123,KMT2C,G,C,0.05
7,152265123,KMT2C,G,A,0.05
7,152273812,KMT2C,C,T,0.05
7,152310061,KMT2C,G,A,0.05
7,152315327,KMT2C,C,T,0.05
7,152330701,KMT2C,C,G,0.05
7,157006538,MNX1,A,G,0.05
8,1885697,ARHGEF10,C,T,0.05
8,1896438,ARHGEF10,G,C,0.05
8,17950720,PCM1,C,A,0.05
8,17957755,PCM1,G,C,0.05
8,17986059,PCM1,C,G,0.05
8,18011673,PCM1,C,G,0.05
8,31087819,WRN,C,A,0.05
8,31091846,WRN,G,A,0.05
8,31100855,WRN,C,T,0.05
8,31111648,WRN,T,G,0.05
8,31111786,WRN,C,G,0.05
8,32616847,NRG1,G,T,0.05
8,32647875,NRG1,G,A,0.05
8,32647973,NRG1,G,T,0.05
8,32756439,NRG1,G,C,0.05
8,38281531,NSD3,C,G,0.05
8,38288527,NSD3,C,T,0.05
8,38288717,NSD3,C,T,0.05
8,38305397,NSD3,C,T,0.05
8,38315489,NSD3,G,A,0.05
8,38326780,NSD3,T,C,0.05
8,38329797,NSD3,C,G,0.05
8,38419720,FGFR1,G,A,0.05
8,38427951,FGFR1,G,C,0.05
8,38428351,Donor,C,T,0.05
8,41668542,ANK1,C,A,0.05
8,41693904,ANK1,C,T,0.05
8,41695189,ANK1,C,T,0.05
8,41695224,ANK1,C,T,0.05
8,41704082,ANK1,G,C,0.05
8,41714981,ANK1,C,T,0.05
8,41718195,ANK1,T,C,0.05
8,41719757,ANK1,G,T,0.05
8,41723169,ANK1,C,G,0.05
8,41724524,ANK1,G,A,0.05
8,41734063,ANK1,A,T,0.05
8,41932388,KAT6A,G,T,0.05
8,41932896,KAT6A,G,A,0.05
8,41932965,KAT6A,C,A,0.05
8,41933624,KAT6A,C,T,0.05
8,41933926,KAT6A,T,A,0.05
8,41934462,KAT6A,G,A,0.05
8,41934714,KAT6A,C,T,0.05
8,41940868,KAT6A,G,T,0.05
8,41977070,KAT6A,G,C,0.05
8,41978700,KAT6A,G,A,0.05
8,41980900,KAT6A,C,T,0.05
8,41987488,KAT6A,C,T,0.05
8,42048644,KAT6A,C,G,0.05
8,42314371,IKBKB,G,T,0.05
8,42319620,IKBKB,G,A,0.05
8,42964326,HOOK3,G,C,0.05
8,42968178,HOOK3,C,G,0.05
8,42997564,HOOK3,G,A,0.05
8,43018472,HOOK3,C,A,0.05
8,53984472,TCEA1,C,G,0.05
8,53988146,TCEA1,C,A,0.05
8,53993672,TCEA1,C,G,0.05
8,56166668,PLAG1,G,C,0.05
8,56167144,PLAG1,C,T,0.05
8,56167261,PLAG1,G,A,0.05
8,67952458,PREX2,C,T,0.05
8,68027243,PREX2,C,T,0.05
8,68044536,PREX2,C,T,0.05
8,68053241,PREX2,G,A,0.05
8,68069842,PREX2,G,A,0.05
8,68087771,PREX2,G,A,0.05
8,68108113,PREX2,C,G,0.05
8,68121006,PREX2,C,A,0.05
8,68217620,PREX2,A,T,0.05
8,68224583,PREX2,A,G,0.05
8,70127030,NCOA2,C,G,0.05
8,70141279,NCOA2,C,T,0.05
8,70166593,NCOA2,G,T,0.05
8,70213908,NCOA2,T,A,0.05
8,70214053,NCOA2,G,A,0.05
8,79765319,HEY1,A,T,0.05
8,79765663,HEY1,G,A,0.05
8,86866550,CNBD1,A,G,0.05
8,86939743,CNBD1,C,G,0.05
8,87237093,CNBD1,T,A,0.05
8,87353670,CNBD1,T,G,0.05
8,87353760,CNBD1,C,T,0.05
8,87353768,CNBD1,G,C,0.05
8,89971237,NBN,G,A,0.05
8,89971282,NBN,G,T,0.05
8,91960294,RUNX1T1,G,A,0.05
8,91970818,RUNX1T1,G,A,0.05
8,91991777,RUNX1T1,G,T,0.05
8,91991887,RUNX1T1,G,T,0.05
8,92005277,RUNX1T1,C,G,0.05
8,92011064,RUNX1T1,G,C,0.05
8,94160030,CDH17,C,T,0.05
8,94162134,CDH17,G,C,0.05
8,94170451,CDH17,G,T,0.05
8,94177603,CDH17,G,C,0.05
8,99887564,COX6C,C,A,0.05
8,100705641,PABPC1,C,G,0.05
8,100706925,PABPC1,G,A,0.05
8,100709163,PABPC1,G,A,0.05
8,100713142,PABPC1,C,A,0.05
8,100718278,PABPC1,C,G,0.05
8,102261929,UBR5,C,T,0.05
8,102264481,UBR5,C,A,0.05
8,102265206,UBR5,C,T,0.05
8,102270172,UBR5,C,A,0.05
8,102272652,UBR5,C,T,0.05
8,102272673,UBR5,C,T,0.05
8,102275724,UBR5,C,G,0.05
8,102277011,UBR5,C,T,0.05
8,102277062,UBR5,G,A,0.05
8,102278929,UBR5,C,T,0.05
8,102281379,UBR5,T,A,0.05
8,102281446,UBR5,G,C,0.05
8,102285179,UBR5,C,T,0.05
8,102285199,UBR5,G,A,0.05
8,102286534,UBR5,T,A,0.05
8,102289527,UBR5,G,A,0.05
8,102295234,UBR5,A,T,0.05
8,102311442,UBR5,C,A,0.05
8,102311474,UBR5,T,A,0.05
8,102312173,UBR5,C,T,0.05
8,102312353,UBR5,C,T,0.05
8,102314843,UBR5,T,G,0.05
8,102323487,UBR5,C,A,0.05
8,102361622,UBR5,G,C,0.05
8,102412209,UBR5,T,C,0.05
8,107960809,RSPO2,T,A,0.05
8,107989187,RSPO2,C,A,0.05
8,108203017,EIF3E,A,G,0.05
8,108203469,EIF3E,C,T,0.05
8,112224898,CSMD3,G,A,0.05
8,112265537,CSMD3,C,T,0.05
8,112281239,CSMD3,G,C,0.05
8,112287073,CSMD3,C,T,0.05
8,112287223,CSMD3,C,T,0.05
8,112292560,CSMD3,C,T,0.05
8,112295853,CSMD3,C,G,0.05
8,112295989,CSMD3,G,A,0.05
8,112301862,CSMD3,G,A,0.05
8,112311038,CSMD3,C,T,0.05
8,112313914,CSMD3,C,T,0.05
8,112337591,CSMD3,G,A,0.05
8,112337659,CSMD3,A,G,0.05
8,112341612,CSMD3,C,G,0.05
8,112352451,CSMD3,C,T,0.05
8,112380424,CSMD3,A,C,0.05
8,112406562,CSMD3,G,T,0.05
8,112492579,CSMD3,C,A,0.05
8,112506712,CSMD3,A,G,0.05
8,112517141,CSMD3,A,G,0.05
8,112552672,CSMD3,G,C,0.05
8,112552705,CSMD3,C,T,0.05
8,112587179,CSMD3,G,T,0.05
8,112636825,CSMD3,C,A,0.05
8,112638750,CSMD3,G,A,0.05
8,112638819,CSMD3,G,A,0.05
8,112682540,CSMD3,C,T,0.05
8,112690027,CSMD3,C,A,0.05
8,112975839,CSMD3,C,G,0.05
8,113098820,CSMD3,C,T,0.05
8,113098907,CSMD3,T,A,0.05
8,113278696,CSMD3,C,A,0.05
8,113314664,CSMD3,A,G,0.05
8,116849023,RAD21,C,A,0.05
8,116850716,RAD21,C,G,0.05
8,116854276,RAD21,G,C,0.05
8,117818484,EXT1,C,A,0.05
8,117837140,EXT1,G,T,0.05
8,118110266,EXT1,T,C,0.05
8,118110698,EXT1,A,T,0.05
8,127738542,MYC,T,C,0.05
8,127738734,MYC,G,C,0.05
8,127738867,MYC,G,A,0.05
8,127740532,MYC,G,C,0.05
8,133254570,NDRG1,G,A,0.05
8,133264636,NDRG1,G,C,0.05
8,138143102,FAM135B,G,A,0.05
8,138151404,FAM135B,C,A,0.05
8,138152373,FAM135B,C,T,0.05
8,138178651,FAM135B,T,C,0.05
8,138243060,FAM135B,C,T,0.05
8,138256750,FAM135B,C,A,0.05
8,144511973,RECQL4,C,G,0.05
8,144512442,RECQL4,G,A,0.05
8,144514254,RECQL4,C,T,0.05
8,144515239,RECQL4,G,C,0.05
9,5022151,JAK2,T,C,0.05
9,5022211,JAK2,G,T,0.05
9,5029900,JAK2,G,T,0.05
9,5044450,JAK2,G,C,0.05
9,5044465,JAK2,G,C,0.05
9,5463032,CD274,G,T,0.05
9,5466805,CD274,G,C,0.05
9,5522563,PDCD1LG2,T,G,0.05
9,5557679,PDCD1LG2,C,G,0.05
9,8317921,PTPRD,G,A,0.05
9,8331642,PTPRD,C,T,0.05
9,8341168,PTPRD,G,A,0.05
9,8341727,PTPRD,C,G,0.05
9,8341771,PTPRD,T,G,0.05
9,8341821,PTPRD,C,T,0.05
9,8341823,PTPRD,T,G,0.05
9,8375991,PTPRD,G,A,0.05
9,8375991,PTPRD,G,C,0.05
9,8376723,PTPRD,T,C,0.05
9,8449827,PTPRD,C,G,0.05
9,8460547,PTPRD,A,T,0.05
9,8465571,PTPRD,G,T,0.05
9,8471045,PTPRD,C,T,0.05
9,8484233,PTPRD,G,A,0.05
9,8492939,PTPRD,G,A,0.05
9,8504378,PTPRD,A,G,0.05
9,8507393,PTPRD,C,G,0.05
9,8518366,PTPRD,G,A,0.05
9,8524958,PTPRD,G,C,0.05
9,8528669,PTPRD,G,C,0.05
9,8636826,PTPRD,C,T,0.05
9,14146752,NFIB,C,G,0.05
9,14179763,NFIB,T,G,0.05
9,14307291,NFIB,T,G,0.05
9,15469018,PSIP1,G,A,0.05
9,15490028,PSIP1,C,A,0.05
9,20620669,MLLT3,G,A,0.05
9,21971019,CDKN2A,G,T,0.05
9,21971078,CDKN2A,A,T,0.05
9,21971106,CDKN2A,C,T,0.05
9,21974722,CDKN2A,C,A,0.05
9,35074435,FANCG,C,T,0.05
9,35077302,FANCG,A,G,0.05
9,35078185,FANCG,G,C,0.05
9,36923471,PAX5,G,A,0.05
9,37002731,PAX5,G,A,0.05
9,37015046,PAX5,C,G,0.05
9,37015192,PAX5,T,C,0.05
9,77728643,GNAQ,G,C,0.05
9,77797633,GNAQ,C,A,0.05
9,78031161,GNAQ,G,C,0.05
9,90843980,SYK,T,G,0.05
9,90844061,SYK,G,A,0.05
9,90845453,SYK,C,G,0.05
9,90887818,SYK,A,G,0.05
9,93238277,WNK2,C,G,0.05
9,93238317,WNK2,G,A,0.05
9,93239777,WNK2,T,C,0.05
9,93259357,WNK2,G,A,0.05
9,93288865,WNK2,G,T,0.05
9,93289136,WNK2,A,C,0.05
9,93289525,WNK2,G,C,0.05
9,95249273,FANCC,C,A,0.05
9,95449205,PTCH1,G,A,0.05
9,95453536,PTCH1,C,T,0.05
9,95456359,PTCH1,C,T,0.05
9,95456386,PTCH1,C,T,0.05
9,95459648,PTCH1,C,G,0.05
9,95461981,PTCH1,C,G,0.05
9,95476159,PTCH1,C,A,0.05
9,95478147,PTCH1,C,A,0.05
9,99832735,NR4A3,A,G,0.05
9,99833390,NR4A3,G,T,0.05
9,99863724,NR4A3,G,A,0.05
9,107487067,KLF4,T,G,0.05
9,115042327,TNC,T,G,0.05
9,115046569,TNC,C,G,0.05
9,115046635,TNC,C,A,0.05
9,115073770,TNC,C,T,0.05
9,115076077,TNC,T,G,0.05
9,115076402,TNC,T,C,0.05
9,115078086,TNC,C,A,0.05
9,115082726,TNC,G,A,0.05
9,115082739,TNC,G,A,0.05
9,115086452,TNC,C,T,0.05
9,121096429,CNTRL,G,A,0.05
9,121098429,CNTRL,C,A,0.05
9,121115135,CNTRL,G,A,0.05
9,121123961,CNTRL,G,C,0.05
9,121125815,CNTRL,C,A,0.05
9,121152498,CNTRL,C,G,0.05
9,121158057,CNTRL,C,G,0.05
9,121160283,CNTRL,G,T,0.05
9,128691860,SET,T,A,0.05
9,129902886,FNBP1,C,T,0.05
9,130854195,ABL1,G,A,0.05
9,130878462,ABL1,T,C,0.05
9,131132630,NUP214,C,T,0.05
9,131178378,NUP214,G,C,0.05
9,131197414,NUP214,C,T,0.05
9,131197455,NUP214,C,A,0.05
9,132896441,TSC1,G,A,0.05
9,132897316,TSC1,T,A,0.05
9,132902766,TSC1,C,G,0.05
9,132906833,TSC1,C,G,0.05
9,132923470,TSC1,A,T,0.05
9,133101693,RALGDS,A,G,0.05
9,133102783,RALGDS,C,T,0.05
9,133109672,RALGDS,G,C,0.05
9,134053410,BRD3,G,A,0.05
9,136496171,NOTCH1,G,A,0.05
9,136496279,NOTCH1,T,A,0.05
9,136498972,NOTCH1,G,A,0.05
9,136504937,NOTCH1,A,G,0.05
9,136518597,NOTCH1,G,A,0.05
9,136518761,NOTCH1,C,T,0.05
10,813077,LARP4B,G,A,0.05
10,829591,LARP4B,G,A,0.05
10,830936,LARP4B,A,C,0.05
10,844993,LARP4B,C,T,0.05
10,3782077,KLF6,C,G,0.05
10,8058419,GATA3,A,T,0.05
10,8064001,GATA3,G,A,0.05
10,8064059,GATA3,A,G,0.05
10,8064095,GATA3,T,G,0.05
10,8064095,GATA3,T,A,0.05
10,8064131,GATA3,G,A,0.05
10,8069531,GATA3,T,A,0.05
10,8069537,GATA3,G,A,0.05
10,8069582,GATA3,A,G,0.05
10,8073761,GATA3,A,C,0.05
10,8073783,GATA3,A,T,0.05
10,21612378,MLLT10,G,A,0.05
10,21614835,MLLT10,C,G,0.05
10,21614870,MLLT10,T,G,0.05
10,21670636,MLLT10,G,A,0.05
10,21673665,MLLT10,C,G,0.05
10,21713931,MLLT10,C,A,0.05
10,21727918,MLLT10,C,T,0.05
10,21727928,MLLT10,G,T,0.05
10,21727928,MLLT10,G,C,0.05
10,26751709,ABI1,G,A,0.05
10,26759160,ABI1,G,A,0.05
10,31510721,ZEB1,G,C,0.05
10,31521410,ZEB1,G,A,0.05
10,31521862,ZEB1,T,C,0.05
10,31523957,ZEB1,G,C,0.05
10,31524012,ZEB1,A,G,0.05
10,31526744,ZEB1,G,A,0.05
10,32035567,KIF5B,G,A,0.05
10,32037374,KIF5B,C,T,0.05
10,32055958,KIF5B,C,T,0.05
10,43106497,RET,G,A,0.05
10,43113671,RET,C,G,0.05
10,43119545,RET,A,C,0.05
10,43119674,RET,C,A,0.05
10,43123756,RET,C,G,0.05
10,50813932,A1CF,G,T,0.05
10,50828193,A1CF,C,A,0.05
10,50836094,A1CF,G,A,0.05
10,50836295,A1CF,C,T,0.05
10,50841872,A1CF,A,T,0.05
10,68572892,TET1,G,A,0.05
10,68601019,TET1,G,T,0.05
10,68646914,TET1,T,A,0.05
10,68651912,TET1,C,T,0.05
10,68686501,TET1,C,A,0.05
10,68690832,TET1,C,G,0.05
10,70598286,PRF1,T,A,0.05
10,70598873,PRF1,T,A,0.05
10,74843309,KAT6B,G,A,0.05
10,74843381,KAT6B,A,G,0.05
10,74969730,KAT6B,C,G,0.05
10,74975468,KAT6B,G,C,0.05
10,74975527,KAT6B,G,T,0.05
10,74975721,KAT6B,T,C,0.05
10,74976123,KAT6B,C,G,0.05
10,74976123,KAT6B,C,T,0.05
10,74979293,KAT6B,G,A,0.05
10,74989070,KAT6B,C,G,0.05
10,74989106,KAT6B,G,A,0.05
10,75025105,KAT6B,C,T,0.05
10,75030078,KAT6B,C,G,0.05
10,75030829,KAT6B,T,A,0.05
10,86917289,BMPR1A,C,G,0.05
10,87358410,NUTM2D,G,C,0.05
10,87365067,NUTM2D,G,C,0.05
10,87894088,PTEN,A,T,0.05
10,87925557,PTEN,T,G,0.05
10,87933035,PTEN,C,G,0.05
10,87933079,PTEN,A,T,0.05
10,87933126,PTEN,C,G,0.05
10,87933129,PTEN,T,G,0.05
10,87933129,PTEN,T,A,0.05
10,87933136,PTEN,C,G,0.05
10,87933143,PTEN,G,C,0.05
10,87933148,PTEN,G,A,0.05
10,87933163,PTEN,T,A,0.05
10,87933222,PTEN,T,G,0.05
10,87952136,PTEN,C,G,0.05
10,87952218,PTEN,T,A,0.05
10,87957868,PTEN,T,G,0.05
10,87960904,PTEN,T,C,0.05
10,87965301,PTEN,C,A,0.05
10,102396726,NFKB2,G,A,0.05
10,102397325,NFKB2,A,G,0.05
10,102397385,NFKB2,G,A,0.05
10,102398275,NFKB2,C,T,0.05
10,102398451,NFKB2,C,A,0.05
10,102597230,SUFU,G,A,0.05
10,103106623,NT5C2,G,A,0.05
10,112964587,TCF7L2,C,T,0.05
10,113151021,TCF7L2,C,T,0.05
10,113151053,TCF7L2,C,T,0.05
10,113152426,TCF7L2,G,A,0.05
10,113158705,TCF7L2,C,T,0.05
10,116929886,SHTN1,C,G,0.05
10,116940570,SHTN1,G,C,0.05
10,121488076,FGFR2,A,G,0.05
10,121488083,FGFR2,C,T,0.05
10,121496635,FGFR2,G,C,0.05
10,121498520,FGFR2,A,T,0.05
10,121498520,FGFR2,A,C,0.05
10,121498535,FGFR2,G,C,0.05
10,121503818,FGFR2,C,A,0.05
10,121503819,FGFR2,C,A,0.05
10,121520133,FGFR2,A,G,0.05
10,121520158,FGFR2,G,A,0.05
10,121565450,FGFR2,C,T,0.05
11,533787,HRAS,A,C,0.05
11,533874,HRAS,T,A,0.05
11,534286,HRAS,C,G,0.05
11,3005386,CARS1,C,G,0.05
11,3047825,CARS1,G,A,0.05
11,3679661,NUP98,C,T,0.05
11,3683212,NUP98,G,T,0.05
11,3685989,NUP98,G,A,0.05
11,3686078,NUP98,G,A,0.05
11,3753372,NUP98,C,T,0.05
11,3763000,NUP98,G,T,0.05
11,3775967,NUP98,G,C,0.05
11,32389111,WT1,G,A,0.05
11,32392704,WT1,C,T,0.05
11,32399958,WT1,C,T,0.05
11,33864618,LMO2,G,A,0.05
11,44107824,EXT2,A,T,0.05
11,44197985,EXT2,G,A,0.05
11,44206919,EXT2,T,A,0.05
11,46312668,CREB3L1,G,C,0.05
11,57796701,CTNND1,C,G,0.05
11,57796826,CTNND1,C,T,0.05
11,57801983,CTNND1,G,A,0.05
11,57802158,CTNND1,G,A,0.05
11,57809438,CTNND1,G,A,0.05
11,61437839,SDHAF2,T,C,0.05
11,61438074,SDHAF2,G,A,0.05
11,61795495,FEN1,C,T,0.05
11,61795578,FEN1,C,T,0.05
11,61796149,FEN1,T,A,0.05
11,64804365,MEN1,G,C,0.05
11,64804442,MEN1,G,C,0.05
11,64805751,MEN1,C,G,0.05
11,64806256,MEN1,G,A,0.05
11,64808010,MEN1,C,T,0.05
11,64808081,MEN1,G,A,0.05
11,64809787,MEN1,C,G,0.05
11,64809851,MEN1,C,T,0.05
11,72006226,NUMA1,G,A,0.05
11,72013650,NUMA1,C,T,0.05
11,72014460,NUMA1,G,A,0.05
11,72015838,NUMA1,C,G,0.05
11,72018400,NUMA1,C,G,0.05
11,72018843,NUMA1,C,T,0.05
11,85981895,PICALM,G,A,0.05
11,85981908,PICALM,C,T,0.05
11,86252239,EED,G,C,0.05
11,86255285,EED,G,A,0.05
11,86266108,EED,T,C,0.05
11,86277077,EED,G,A,0.05
11,92353391,FAT3,G,T,0.05
11,92353701,FAT3,C,T,0.05
11,92354345,FAT3,A,T,0.05
11,92355000,FAT3,C,T,0.05
11,92774083,FAT3,G,T,0.05
11,92797841,FAT3,A,C,0.05
11,92797842,FAT3,C,T,0.05
11,92798058,FAT3,A,G,0.05
11,92798132,FAT3,G,T,0.05
11,92798312,FAT3,C,T,0.05
11,92798603,FAT3,G,A,0.05
11,92799176,FAT3,G,A,0.05
11,92799693,FAT3,C,G,0.05
11,92799745,FAT3,C,A,0.05
11,92800023,FAT3,T,A,0.05
11,92800196,FAT3,A,T,0.05
11,92800296,FAT3,G,A,0.05
11,92800359,FAT3,G,C,0.05
11,92800654,FAT3,C,G,0.05
11,92800902,FAT3,G,C,0.05
11,92801489,FAT3,G,T,0.05
11,92805217,FAT3,G,T,0.05
11,92809908,FAT3,G,A,0.05
11,92840634,FAT3,C,G,0.05
11,92844237,FAT3,G,T,0.05
11,92844261,FAT3,G,C,0.05
11,92844629,FAT3,G,C,0.05
11,92859193,FAT3,C,G,0.05
11,92859255,FAT3,G,A,0.05
11,92859261,FAT3,G,A,0.05
11,92882889,FAT3,G,A,0.05
11,92883135,FAT3,C,T,0.05
11,92883145,FAT3,T,G,0.05
11,92890601,FAT3,C,T,0.05
11,95985591,MAML2,G,T,0.05
11,96092316,MAML2,G,A,0.05
11,96341394,MAML2,C,A,0.05
11,96341697,MAML2,C,T,0.05
11,96341714,MAML2,C,T,0.05
11,102324759,BIRC3,G,A,0.05
11,102324919,BIRC3,C,G,0.05
11,108247072,ATM,G,A,0.05
11,108253839,ATM,G,A,0.05
11,108310284,ATM,G,T,0.05
11,108330216,ATM,A,G,0.05
11,108335851,ATM,G,A,0.05
11,108343292,ATM,T,G,0.05
11,108347318,ATM,A,G,0.05
11,108665197,DDX10,A,G,0.05
11,108675712,DDX10,G,A,0.05
11,108719807,DDX10,C,G,0.05
11,114063572,ZBTB16,C,T,0.05
11,114247296,ZBTB16,G,A,0.05
11,118472484,KMT2A,G,A,0.05
11,118474164,KMT2A,C,G,0.05
11,118484297,KMT2A,A,T,0.05
11,118491894,KMT2A,C,T,0.05
11,118493090,KMT2A,G,A,0.05
11,118501031,KMT2A,G,A,0.05
11,118502401,KMT2A,G,A,0.05
11,118519702,KMT2A,G,A,0.05
11,118755480,DDX6,T,A,0.05
11,118757177,DDX6,C,G,0.05
11,118758815,DDX6,C,T,0.05
11,118765253,DDX6,C,G,0.05
11,118900033,BCL9L,G,C,0.05
11,118907491,BCL9L,G,T,0.05
11,118908357,BCL9L,C,T,0.05
11,118980543,FOXR1,G,A,0.05
11,119232649,CBL,T,C,0.05
11,119277777,CBL,G,A,0.05
11,119285017,CBL,C,T,0.05
11,119285038,CBL,G,C,0.05
11,120407758,ARHGEF12,G,A,0.05
11,120446507,ARHGEF12,C,T,0.05
11,120475369,ARHGEF12,C,G,0.05
11,120479992,ARHGEF12,C,G,0.05
11,128810725,FLI1,G,A,0.05
11,128916498,KCNJ5,T,C,0.05
12,307476,KDM5A,G,A,0.05
12,318188,KDM5A,C,G,0.05
12,323730,KDM5A,G,A,0.05
12,333570,KDM5A,C,T,0.05
12,384048,KDM5A,G,T,0.05
12,1028333,ERC1,C,T,0.05
12,1083341,ERC1,C,T,0.05
12,1104783,ERC1,T,C,0.05
12,1110312,ERC1,G,C,0.05
12,1180585,ERC1,A,T,0.05
12,1190017,ERC1,G,C,0.05
12,1190035,ERC1,G,C,0.05
12,1289970,ERC1,G,A,0.05
12,1371895,ERC1,C,T,0.05
12,1408239,ERC1,C,G,0.05
12,1444676,ERC1,C,T,0.05
12,4278904,CCND2,G,A,0.05
12,6570886,CHD4,C,T,0.05
12,6570906,CHD4,C,T,0.05
12,6570991,CHD4,C,T,0.05
12,6581802,CHD4,C,G,0.05
12,6583251,CHD4,C,T,0.05
12,6583291,CHD4,C,G,0.05
12,6587931,CHD4,G,A,0.05
12,6591732,CHD4,G,C,0.05
12,6591958,CHD4,C,G,0.05
12,6592041,CHD4,T,A,0.05
12,6592417,CHD4,C,T,0.05
12,6592471,CHD4,C,T,0.05
12,6592810,CHD4,C,T,0.05
12,6593113,CHD4,C,T,0.05
12,6593114,CHD4,G,A,0.05
12,6593472,CHD4,C,T,0.05
12,6594536,CHD4,C,T,0.05
12,6594584,CHD4,G,C,0.05
12,6599862,CHD4,C,T,0.05
12,6600303,CHD4,C,T,0.05
12,6600651,CHD4,C,G,0.05
12,6600965,CHD4,G,C,0.05
12,6601053,CHD4,C,A,0.05
12,6601385,CHD4,C,G,0.05
12,6669036,ZNF384,T,C,0.05
12,6952026,PTPN6,G,C,0.05
12,6956159,PTPN6,A,T,0.05
12,11839295,ETV6,C,T,0.05
12,11884484,ETV6,C,T,0.05
12,11884568,ETV6,G,C,0.05
12,11884579,ETV6,A,G,0.05
12,11885928,ETV6,C,A,0.05
12,22659095,ETNK1,G,T,0.05
12,25227250,KRAS,C,A,0.05
12,25227342,KRAS,T,A,0.05
12,25245350,KRAS,C,G,0.05
12,25245350,KRAS,C,A,0.05
12,25245351,KRAS,C,A,0.05
12,27679938,PPFIBP1,G,C,0.05
12,27682411,PPFIBP1,C,T,0.05
12,27687445,PPFIBP1,A,G,0.05
12,27689036,PPFIBP1,G,A,0.05
12,27691784,PPFIBP1,G,C,0.05
12,45837410,ARID2,G,C,0.05
12,45846918,ARID2,G,A,0.05
12,45848970,ARID2,G,A,0.05
12,45852054,ARID2,A,G,0.05
12,45852654,ARID2,G,A,0.05
12,45893471,ARID2,T,G,0.05
12,45893718,ARID2,G,A,0.05
12,47974800,COL2A1,T,A,0.05
12,47980631,COL2A1,C,G,0.05
12,47985810,COL2A1,C,T,0.05
12,47986840,COL2A1,C,T,0.05
12,47987684,COL2A1,C,T,0.05
12,47997692,COL2A1,G,A,0.05
12,49021851,KMT2D,C,G,0.05
12,49024634,KMT2D,C,A,0.05
12,49031295,KMT2D,C,A,0.05
12,49033829,KMT2D,G,A,0.05
12,49033945,KMT2D,T,A,0.05
12,49033961,KMT2D,G,A,0.05
12,49034167,KMT2D,C,T,0.05
12,49034609,KMT2D,C,G,0.05
12,49034647,KMT2D,C,A,0.05
12,49042568,KMT2D,C,G,0.05
12,49043178,KMT2D,C,T,0.05
12,49043414,KMT2D,C,G,0.05
12,49044444,KMT2D,G,T,0.05
12,49046715,KMT2D,C,T,0.05
12,49054079,KMT2D,C,T,0.05
12,49634363,PRPF40B,G,C,0.05
12,49635414,PRPF40B,G,A,0.05
12,50086810,SMARCD1,A,T,0.05
12,50090509,SMARCD1,G,A,0.05
12,50094480,SMARCD1,G,A,0.05
12,50096940,SMARCD1,G,T,0.05
12,50809566,ATF1,A,G,0.05
12,50814138,ATF1,C,A,0.05
12,50814308,ATF1,G,C,0.05
12,50814372,ATF1,C,T,0.05
12,53938909,Lost,G,C,0.05
12,56085042,ERBB3,C,G,0.05
12,56085173,ERBB3,A,T,0.05
12,56088557,ERBB3,G,T,0.05
12,56088823,ERBB3,C,T,0.05
12,56093363,ERBB3,G,C,0.05
12,56094444,ERBB3,C,T,0.05
12,56095751,ERBB3,G,T,0.05
12,56097117,ERBB3,C,G,0.05
12,56097196,ERBB3,A,G,0.05
12,56098849,ERBB3,A,G,0.05
12,56099979,ERBB3,C,A,0.05
12,56101718,ERBB3,T,C,0.05
12,56101808,ERBB3,A,C,0.05
12,56718952,NACA,A,G,0.05
12,57091433,NAB2,C,G,0.05
12,57091949,NAB2,G,C,0.05
12,57093084,NAB2,G,A,0.05
12,57098538,STAT6,T,C,0.05
12,57099321,STAT6,C,A,0.05
12,57099818,STAT6,C,T,0.05
12,57107687,STAT6,G,A,0.05
12,57465664,GLI1,G,T,0.05
12,57467361,GLI1,G,A,0.05
12,57470822,GLI1,G,C,0.05
12,57471459,GLI1,G,C,0.05
12,57750982,CDK4,T,G,0.05
12,58877485,LRIG3,G,C,0.05
12,58877567,LRIG3,C,T,0.05
12,58879018,LRIG3,G,A,0.05
12,58890043,LRIG3,G,C,0.05
12,65077834,WIF1,G,C,0.05
12,65120478,WIF1,C,G,0.05
12,65120551,WIF1,C,T,0.05
12,68836723,MDM2,G,A,0.05
12,68839349,MDM2,C,T,0.05
12,70539002,PTPRB,C,T,0.05
12,70560932,PTPRB,G,T,0.05
12,70563035,PTPRB,G,A,0.05
12,70563045,PTPRB,A,T,0.05
12,70571097,PTPRB,C,T,0.05
12,70571284,PTPRB,C,G,0.05
12,70576526,PTPRB,C,G,0.05
12,70576562,PTPRB,C,G,0.05
12,70609164,PTPRB,G,C,0.05
12,70635853,PTPRB,G,T,0.05
12,70635968,PTPRB,A,G,0.05
12,95533182,USP44,C,T,0.05
12,104756981,CHST11,G,C,0.05
12,104757495,CHST11,C,T,0.05
12,111447407,SH2B3,G,A,0.05
12,111447500,SH2B3,C,T,0.05
12,112446299,PTPN11,G,A,0.05
12,112453298,PTPN11,G,T,0.05
12,114671915,TBX3,C,T,0.05
12,114672124,TBX3,G,A,0.05
12,114676324,TBX3,G,C,0.05
12,114679638,TBX3,G,C,0.05
12,114680904,TBX3,T,G,0.05
12,114680925,TBX3,A,G,0.05
12,114680977,TBX3,G,A,0.05
12,114681136,TBX3,G,A,0.05
12,114682834,TBX3,T,C,0.05
12,114682864,TBX3,A,G,0.05
12,114682867,TBX3,G,C,0.05
12,120988866,HNF1A,G,T,0.05
12,120988884,HNF1A,C,A,0.05
12,120993646,HNF1A,A,G,0.05
12,120993652,HNF1A,G,C,0.05
12,120993679,HNF1A,G,A,0.05
12,120996569,HNF1A,C,A,0.05
12,121828047,SETD1B,C,A,0.05
12,122273021,CLIP1,C,G,0.05
12,122274038,CLIP1,C,T,0.05
12,122278942,CLIP1,C,T,0.05
12,122279030,CLIP1,C,T,0.05
12,122340875,CLIP1,C,A,0.05
12,122341021,CLIP1,A,G,0.05
12,122341551,CLIP1,C,G,0.05
12,122364074,CLIP1,G,A,0.05
12,122377447,CLIP1,G,A,0.05
12,122473583,ZCCHC8,C,T,0.05
12,122474213,ZCCHC8,G,A,0.05
12,124326220,NCOR2,C,T,0.05
12,124350656,NCOR2,G,A,0.05
12,124350696,NCOR2,C,G,0.05
12,124378324,NCOR2,C,T,0.05
12,124419976,NCOR2,C,T,0.05
12,124426629,NCOR2,G,A,0.05
12,132639201,POLE,G,A,0.05
12,132641678,POLE,C,T,0.05
12,132642222,POLE,C,G,0.05
12,132672292,POLE,G,A,0.05
12,132673664,POLE,G,C,0.05
12,132673688,POLE,A,G,0.05
12,132676598,POLE,G,C,0.05
12,132676619,POLE,G,T,0.05
12,132676632,POLE,C,T,0.05
13,20005123,ZMYM2,G,C,0.05
13,20006453,ZMYM2,A,G,0.05
13,20027281,ZMYM2,A,T,0.05
13,20051493,ZMYM2,G,A,0.05
13,20051580,ZMYM2,C,T,0.05
13,20059554,ZMYM2,C,T,0.05
13,20082082,ZMYM2,G,C,0.05
13,20983308,LATS2,C,A,0.05
13,27968730,CDX2,C,T,0.05
13,28048278,FLT3,T,C,0.05
13,32336414,BRCA2,G,C,0.05
13,32336991,BRCA2,C,T,0.05
13,32337309,BRCA2,A,T,0.05
13,32337452,BRCA2,G,C,0.05
13,32337827,BRCA2,G,C,0.05
13,32337928,BRCA2,G,C,0.05
13,32338418,BRCA2,G,T,0.05
13,32340878,BRCA2,G,C,0.05
13,32362665,BRCA2,G,C,0.05
13,32396925,BRCA2,G,C,0.05
13,32398424,BRCA2,G,C,0.05
13,32398537,BRCA2,G,A,0.05
13,35058850,NBEA,G,C,0.05
13,35070060,NBEA,G,C,0.05
13,35110892,NBEA,C,T,0.05
13,35142332,NBEA,G,T,0.05
13,35159029,NBEA,C,T,0.05
13,35452187,NBEA,G,A,0.05
13,35472444,NBEA,G,A,0.05
13,35472507,NBEA,G,A,0.05
13,35566989,NBEA,T,A,0.05
13,35593401,NBEA,T,G,0.05
13,35628151,NBEA,G,A,0.05
13,35651858,NBEA,G,A,0.05
13,35654916,NBEA,C,G,0.05
13,35654947,NBEA,A,G,0.05
13,35654956,NBEA,A,T,0.05
13,35655716,NBEA,C,T,0.05
13,40560544,FOXO1,C,T,0.05
13,40560613,FOXO1,G,T,0.05
13,46127644,LCP1,T,A,0.05
13,46127712,LCP1,G,A,0.05
13,46151067,LCP1,G,C,0.05
13,46154848,LCP1,T,C,0.05
13,48362860,RB1,G,A,0.05
13,48364895,RB1,T,A,0.05
13,48367555,RB1,G,A,0.05
13,48456206,RB1,A,G,0.05
13,48459808,RB1,T,C,0.05
13,48707228,CYSLTR2,C,A,0.05
13,91693414,GPC5,G,A,0.05
13,91693758,GPC5,G,C,0.05
13,91756304,GPC5,C,G,0.05
14,20316486,CCNB1IP1,C,T,0.05
14,32090941,ARHGAP5,A,T,0.05
14,32091551,ARHGAP5,T,A,0.05
14,32091876,ARHGAP5,G,A,0.05
14,32092134,ARHGAP5,G,A,0.05
14,32092216,ARHGAP5,G,A,0.05
14,32092321,ARHGAP5,A,G,0.05
14,32092885,ARHGAP5,G,A,0.05
14,32092959,ARHGAP5,G,C,0.05
14,32093214,ARHGAP5,C,A,0.05
14,32117209,ARHGAP5,C,T,0.05
14,32150004,ARHGAP5,C,A,0.05
14,34765102,BAZ1A,C,G,0.05
14,34774365,BAZ1A,C,T,0.05
14,34774476,BAZ1A,C,G,0.05
14,34776002,BAZ1A,G,A,0.05
14,34776390,BAZ1A,C,T,0.05
14,34783925,BAZ1A,C,T,0.05
14,34792901,BAZ1A,C,G,0.05
14,36517786,NKX2-1,G,A,0.05
14,37591582,FOXA1,G,T,0.05
14,37591937,FOXA1,C,A,0.05
14,37591986,FOXA1,G,C,0.05
14,37591987,FOXA1,A,C,0.05
14,37591988,FOXA1,A,T,0.05
14,37592008,FOXA1,T,C,0.05
14,37592022,FOXA1,G,T,0.05
14,37592035,FOXA1,G,A,0.05
14,37592043,FOXA1,G,C,0.05
14,37592045,FOXA1,G,A,0.05
14,37592056,FOXA1,T,G,0.05
14,37592062,FOXA1,C,G,0.05
14,37592069,FOXA1,C,T,0.05
14,37592107,FOXA1,T,A,0.05
14,37592107,FOXA1,T,C,0.05
14,37592108,FOXA1,C,T,0.05
14,37592134,FOXA1,G,C,0.05
14,37592142,FOXA1,C,A,0.05
14,37592147,FOXA1,G,A,0.05
14,37592256,FOXA1,G,C,0.05
14,37592258,FOXA1,T,C,0.05
14,37594942,FOXA1,C,T,0.05
14,37594951,FOXA1,C,T,0.05
14,50738184,NIN,C,G,0.05
14,50748029,NIN,T,C,0.05
14,50752729,NIN,G,A,0.05
14,50757258,NIN,C,G,0.05
14,50757462,NIN,T,C,0.05
14,50760158,NIN,C,T,0.05
14,50766881,NIN,G,T,0.05
14,50770504,NIN,C,G,0.05
14,50773071,NIN,G,C,0.05
14,50822006,NIN,A,C,0.05
14,55612231,KTN1,G,T,0.05
14,55619205,KTN1,G,C,0.05
14,55640419,KTN1,T,A,0.05
14,55648078,KTN1,G,A,0.05
14,55649789,KTN1,C,T,0.05
14,55663995,KTN1,C,T,0.05
14,55671650,KTN1,G,C,0.05
14,55671818,KTN1,G,A,0.05
14,60648829,SIX1,T,A,0.05
14,61720470,HIF1A,C,T,0.05
14,61720536,HIF1A,A,G,0.05
14,61737089,HIF1A,C,G,0.05
14,61740609,HIF1A,G,T,0.05
14,61740775,HIF1A,G,T,0.05
14,65093758,MAX,C,A,0.05
14,65102327,MAX,C,T,0.05
14,66681130,GPHN,C,A,0.05
14,67180836,GPHN,C,T,0.05
14,81139768,TSHR,A,T,0.05
14,81143428,TSHR,C,A,0.05
14,81144018,TSHR,A,G,0.05
14,91969861,TRIP11,C,T,0.05
14,91993841,TRIP11,C,G,0.05
14,91999423,TRIP11,A,G,0.05
14,92004386,TRIP11,C,T,0.05
14,92004681,TRIP11,C,T,0.05
14,92007782,TRIP11,T,C,0.05
14,92015755,TRIP11,C,T,0.05
14,92015799,TRIP11,C,G,0.05
14,95094012,DICER1,G,A,0.05
14,95096391,DICER1,C,T,0.05
14,95103378,DICER1,C,G,0.05
14,95105734,DICER1,G,T,0.05
14,95108434,DICER1,C,A,0.05
14,95112204,DICER1,G,A,0.05
14,95115802,DICER1,G,C,0.05
14,95117641,DICER1,T,G,0.05
14,95124592,DICER1,C,T,0.05
14,99174188,BCL11B,G,T,0.05
14,99174249,BCL11B,A,G,0.05
14,99174336,BCL11B,C,T,0.05
14,99174341,BCL11B,G,A,0.05
14,99174542,BCL11B,G,A,0.05
14,99176016,BCL11B,C,T,0.05
14,99257563,BCL11B,G,A,0.05
14,102082243,HSP90AA1,C,T,0.05
14,102083292,HSP90AA1,C,G,0.05
14,104780108,AKT1,A,C,0.05
14,104780145,AKT1,C,T,0.05
14,104780214,AKT1,C,T,0.05
15,34348122,NUTM1,C,T,0.05
15,34348220,NUTM1,G,T,0.05
15,34348250,NUTM1,G,A,0.05
15,34348259,NUTM1,C,G,0.05
15,34353854,NUTM1,G,C,0.05
15,40170649,BUB1B,G,A,0.05
15,40183853,BUB1B,C,G,0.05
15,40382995,KNSTRN,C,A,0.05
15,40620778,KNL1,G,A,0.05
15,40620856,KNL1,G,C,0.05
15,40621107,KNL1,G,A,0.05
15,40621986,KNL1,G,C,0.05
15,40622680,KNL1,G,C,0.05
15,40622905,KNL1,G,C,0.05
15,40625135,KNL1,A,G,0.05
15,40651520,KNL1,G,C,0.05
15,44711553,B2M,C,T,0.05
15,44715603,B2M,A,T,0.05
15,50490512,USP8,A,C,0.05
15,50492850,USP8,T,G,0.05
15,50494233,USP8,G,C,0.05
15,50494270,USP8,A,G,0.05
15,52319097,MYO5A,T,C,0.05
15,52375443,MYO5A,C,T,0.05
15,52408124,MYO5A,T,C,0.05
15,57091828,TCF12,G,A,0.05
15,57232423,TCF12,A,G,0.05
15,57253326,TCF12,C,A,0.05
15,57253464,TCF12,C,T,0.05
15,57262133,TCF12,A,C,0.05
15,57263222,TCF12,G,C,0.05
15,57282576,TCF12,G,T,0.05
15,66481793,MAP2K1,G,A,0.05
15,66489260,MAP2K1,G,C,0.05
15,67164966,SMAD3,G,A,0.05
15,67187449,SMAD3,A,C,0.05
15,74024901,PML,C,G,0.05
15,87876974,NTRK3,C,A,0.05
15,87929370,NTRK3,C,T,0.05
15,87933157,NTRK3,G,A,0.05
15,87933183,NTRK3,G,A,0.05
15,88135199,NTRK3,G,T,0.05
15,88135388,NTRK3,C,G,0.05
15,88255939,NTRK3,T,A,0.05
15,89318737,POLG,G,A,0.05
15,89319339,POLG,G,C,0.05
15,89320892,POLG,C,T,0.05
15,89327009,POLG,C,A,0.05
15,89328967,POLG,C,A,0.05
15,89330200,POLG,G,A,0.05
15,90593663,CRTC3,C,T,0.05
15,90747435,BLM,C,T,0.05
15,90749491,BLM,G,A,0.05
15,90749818,BLM,C,G,0.05
15,90749953,BLM,G,A,0.05
15,90749962,BLM,A,T,0.05
15,90750061,BLM,G,C,0.05
15,90751837,BLM,G,A,0.05
15,90760231,BLM,T,C,0.05
15,90761066,BLM,G,A,0.05
15,90762993,BLM,G,T,0.05
15,90769158,BLM,C,T,0.05
15,90798302,BLM,G,C,0.05
15,90803543,BLM,G,T,0.05
15,90803563,BLM,G,A,0.05
15,90893146,FES,G,T,0.05
15,90893409,FES,C,G,0.05
15,90893657,FES,C,A,0.05
15,90893767,FES,G,T,0.05
15,90895511,FES,A,C,0.05
15,92927311,CHD2,G,A,0.05
15,92953550,CHD2,G,A,0.05
15,92967449,CHD2,C,T,0.05
15,92979249,CHD2,C,T,0.05
15,92980831,CHD2,A,G,0.05
15,92992918,CHD2,G,A,0.05
16,288199,AXIN1,C,T,0.05
16,293662,AXIN1,T,C,0.05
16,304333,AXIN1,G,T,0.05
16,304369,AXIN1,C,G,0.05
16,346170,AXIN1,A,G,0.05
16,346427,AXIN1,G,C,0.05
16,346580,AXIN1,A,G,0.05
16,346809,AXIN1,C,G,0.05
16,2040175,NTHL1,G,A,0.05
16,2055459,TSC2,T,C,0.05
16,2062512,TSC2,A,T,0.05
16,2065621,TSC2,C,G,0.05
16,2072249,TSC2,C,A,0.05
16,2076497,TSC2,C,T,0.05
16,2076576,TSC2,G,A,0.05
16,2084568,TSC2,C,G,0.05
16,2175343,TRAF7,G,T,0.05
16,3728744,CREBBP,G,C,0.05
16,3728817,CREBBP,G,C,0.05
16,3729690,CREBBP,C,T,0.05
16,3731301,CREBBP,G,A,0.05
16,3731802,CREBBP,A,G,0.05
16,3731888,CREBBP,G,T,0.05
16,3736063,CREBBP,C,A,0.05
16,3738604,CREBBP,T,C,0.05
16,3739683,CREBBP,C,T,0.05
16,3745331,CREBBP,C,T,0.05
16,3757913,CREBBP,G,A,0.05
16,3758952,CREBBP,G,A,0.05
16,3770608,CREBBP,G,T,0.05
16,3773846,CREBBP,G,T,0.05
16,3850517,CREBBP,G,C,0.05
16,9764183,GRIN2A,C,G,0.05
16,9764260,GRIN2A,G,T,0.05
16,9764345,GRIN2A,G,A,0.05
16,9769003,GRIN2A,C,T,0.05
16,9798309,GRIN2A,A,G,0.05
16,9840713,GRIN2A,C,A,0.05
16,9840726,GRIN2A,G,C,0.05
16,9840769,GRIN2A,C,G,0.05
16,9849835,GRIN2A,C,T,0.05
16,9938002,GRIN2A,C,A,0.05
16,9938300,GRIN2A,G,C,0.05
16,10180117,GRIN2A,C,T,0.05
16,10895410,CIITA,G,A,0.05
16,10895739,CIITA,G,C,0.05
16,10922414,CIITA,T,C,0.05
16,12046447,SNX29,G,T,0.05
16,12078870,SNX29,A,C,0.05
16,13935670,ERCC4,C,A,0.05
16,13935697,ERCC4,C,T,0.05
16,13947679,ERCC4,C,T,0.05
16,15719664,MYH11,C,T,0.05
16,15721564,MYH11,C,A,0.05
16,15735526,MYH11,G,T,0.05
16,15737617,MYH11,C,T,0.05
16,15740098,MYH11,C,G,0.05
16,15756459,MYH11,G,T,0.05
16,15759587,MYH11,C,T,0.05
16,15759595,MYH11,G,T,0.05
16,15760610,MYH11,G,T,0.05
16,15837928,MYH11,A,G,0.05
16,15838117,MYH11,C,G,0.05
16,23603616,PALB2,C,G,0.05
16,23623054,PALB2,C,G,0.05
16,23836236,PRKCB,G,C,0.05
16,24092847,PRKCB,G,A,0.05
16,24112978,PRKCB,A,T,0.05
16,24180921,PRKCB,C,T,0.05
16,24191141,PRKCB,C,T,0.05
16,24191201,PRKCB,G,C,0.05
16,27437657,IL21R,G,C,0.05
16,31190776,FUS,G,A,0.05
16,50751689,CYLD,T,C,0.05
16,50754326,CYLD,C,T,0.05
16,50754417,CYLD,C,G,0.05
16,50782427,CYLD,G,A,0.05
16,50791666,CYLD,C,G,0.05
16,56943282,HERPUD1,G,A,0.05
16,64998570,CDH11,G,T,0.05
16,64998583,CDH11,C,T,0.05
16,65004721,CDH11,C,T,0.05
16,67029410,Lost,G,A,0.05
16,67029417,CBFB,G,T,0.05
16,67029752,CBFB,G,C,0.05
16,67029812,CBFB,T,A,0.05
16,67036640,CBFB,C,G,0.05
16,67036661,CBFB,A,G,0.05
16,67036661,CBFB,A,T,0.05
16,67036674,CBFB,G,T,0.05
16,67036721,CBFB,G,T,0.05
16,67066695,CBFB,C,T,0.05
16,67066704,CBFB,T,A,0.05
16,67066705,CBFB,T,G,0.05
16,67066710,CBFB,A,G,0.05
16,67066743,CBFB,A,T,0.05
16,67066761,CBFB,G,A,0.05
16,67066766,CBFB,G,T,0.05
16,67066793,CBFB,G,A,0.05
16,67611509,CTCF,A,G,0.05
16,67611515,CTCF,T,C,0.05
16,67611604,CTCF,A,G,0.05
16,67612016,CTCF,C,T,0.05
16,67612019,CTCF,C,A,0.05
16,67612019,CTCF,C,T,0.05
16,67612020,CTCF,A,C,0.05
16,67612031,CTCF,C,G,0.05
16,67620742,CTCF,C,G,0.05
16,67620743,CTCF,C,T,0.05
16,67636816,CTCF,C,T,0.05
16,68810236,CDH1,G,A,0.05
16,68810269,CDH1,G,T,0.05
16,68810288,CDH1,C,A,0.05
16,68810341,CDH1,G,A,0.05
16,68811684,CDH1,G,T,0.05
16,68811713,CDH1,G,A,0.05
16,68813373,CDH1,G,A,0.05
16,68813379,CDH1,G,C,0.05
16,68813379,CDH1,G,A,0.05
16,68813380,CDH1,A,T,0.05
16,68813401,CDH1,G,T,0.05
16,68813496,Sequence,G,T,0.05
16,68819284,CDH1,C,T,0.05
16,68822108,CDH1,C,T,0.05
16,68822190,CDH1,C,T,0.05
16,68822219,CDH1,G,A,0.05
16,68828204,CDH1,G,A,0.05
16,68828275,CDH1,G,A,0.05
16,68833300,CDH1,C,T,0.05
16,72787516,ZFHX3,G,A,0.05
16,72795726,ZFHX3,C,T,0.05
16,72796287,ZFHX3,T,C,0.05
16,72796860,ZFHX3,C,G,0.05
16,72796867,ZFHX3,C,G,0.05
16,72798150,ZFHX3,C,A,0.05
16,72798153,ZFHX3,G,A,0.05
16,72798405,ZFHX3,C,G,0.05
16,72889766,ZFHX3,A,T,0.05
16,72957543,ZFHX3,T,A,0.05
16,72957568,ZFHX3,C,T,0.05
16,72959235,ZFHX3,T,C,0.05
16,74636438,RFWD3,G,C,0.05
16,74661206,RFWD3,C,G,0.05
16,88886019,CBFA2T3,C,T,0.05
16,89762010,FANCA,C,G,0.05
16,89771749,FANCA,C,A,0.05
16,89815911,FANCA,C,A,0.05
16,89815954,FANCA,C,T,0.05
17,5135882,USP6,C,G,0.05
17,5135910,USP6,G,A,0.05
17,5335192,RABEP1,C,T,0.05
17,5361458,RABEP1,C,A,0.05
17,7670684,TP53,C,G,0.05
17,7670687,TP53,A,G,0.05
17,7673763,TP53,T,G,0.05
17,7673764,TP53,C,G,0.05
17,7673764,TP53,C,T,0.05
17,7673767,TP53,C,T,0.05
17,7673776,TP53,G,C,0.05
17,7673776,TP53,G,A,0.05
17,7673777,TP53,G,T,0.05
17,7673778,TP53,T,A,0.05
17,7673779,TP53,C,A,0.05
17,7673780,TP53,T,G,0.05
17,7673781,TP53,C,G,0.05
17,7673781,TP53,C,T,0.05
17,7673782,TP53,T,C,0.05
17,7673784,TP53,C,T,0.05
17,7673787,TP53,G,A,0.05
17,7673788,TP53,G,A,0.05
17,7673788,TP53,G,C,0.05
17,7673788,TP53,G,T,0.05
17,7673793,TP53,G,T,0.05
17,7673794,TP53,C,G,0.05
17,7673796,TP53,C,T,0.05
17,7673800,TP53,C,A,0.05
17,7673802,TP53,C,G,0.05
17,7673802,TP53,C,T,0.05
17,7673802,TP53,C,A,0.05
17,7673803,TP53,G,A,0.05
17,7673806,TP53,C,T,0.05
17,7673811,TP53,A,G,0.05
17,7673812,TP53,A,T,0.05
17,7673823,TP53,C,T,0.05
17,7673826,TP53,A,C,0.05
17,7673826,TP53,A,G,0.05
17,7674191,TP53,C,G,0.05
17,7674193,TP53,A,C,0.05
17,7674199,TP53,A,T,0.05
17,7674199,TP53,A,C,0.05
17,7674200,TP53,T,A,0.05
17,7674208,TP53,A,G,0.05
17,7674214,TP53,G,A,0.05
17,7674216,TP53,C,A,0.05
17,7674217,TP53,C,G,0.05
17,7674217,TP53,C,T,0.05
17,7674220,TP53,C,T,0.05
17,7674221,TP53,G,C,0.05
17,7674221,TP53,G,A,0.05
17,7674223,TP53,T,A,0.05
17,7674225,TP53,C,T,0.05
17,7674229,TP53,C,A,0.05
17,7674229,TP53,C,T,0.05
17,7674230,TP53,C,T,0.05
17,7674238,TP53,C,G,0.05
17,7674239,TP53,A,C,0.05
17,7674241,TP53,G,C,0.05
17,7674250,TP53,C,A,0.05
17,7674250,TP53,C,T,0.05
17,7674256,TP53,T,C,0.05
17,7674262,TP53,T,C,0.05
17,7674263,TP53,A,T,0.05
17,7674268,TP53,A,C,0.05
17,7674872,TP53,T,G,0.05
17,7674872,TP53,T,C,0.05
17,7674873,TP53,A,G,0.05
17,7674878,TP53,A,T,0.05
17,7674881,TP53,A,C,0.05
17,7674885,TP53,C,T,0.05
17,7674887,TP53,C,A,0.05
17,7674908,TP53,T,C,0.05
17,7674917,TP53,T,C,0.05
17,7674918,TP53,A,C,0.05
17,7674918,TP53,A,T,0.05
17,7674935,TP53,C,A,0.05
17,7674941,TP53,A,C,0.05
17,7674947,TP53,A,C,0.05
17,7674947,TP53,A,G,0.05
17,7674950,TP53,A,G,0.05
17,7674950,TP53,A,C,0.05
17,7674953,TP53,T,C,0.05
17,7674953,TP53,T,A,0.05
17,7674954,TP53,G,A,0.05
17,7675053,TP53,C,T,0.05
17,7675076,TP53,T,C,0.05
17,7675077,TP53,G,A,0.05
17,7675084,TP53,G,C,0.05
17,7675085,TP53,C,G,0.05
17,7675085,TP53,C,A,0.05
17,7675085,TP53,C,T,0.05
17,7675088,TP53,C,T,0.05
17,7675095,TP53,C,G,0.05
17,7675095,TP53,C,A,0.05
17,7675095,TP53,C,T,0.05
17,7675109,TP53,T,G,0.05
17,7675124,TP53,T,C,0.05
17,7675125,TP53,A,C,0.05
17,7675140,TP53,G,C,0.05
17,7675142,TP53,A,T,0.05
17,7675142,TP53,A,C,0.05
17,7675143,TP53,C,A,0.05
17,7675149,TP53,T,G,0.05
17,7675160,TP53,G,T,0.05
17,7675190,TP53,C,T,0.05
17,7675191,TP53,A,G,0.05
17,7675205,TP53,T,G,0.05
17,7675206,TP53,G,C,0.05
17,7675207,TP53,G,C,0.05
17,7675208,TP53,C,T,0.05
17,7675209,TP53,A,G,0.05
17,7675214,TP53,A,T,0.05
17,7675216,TP53,C,G,0.05
17,7675216,TP53,C,A,0.05
17,7675217,TP53,T,G,0.05
17,7675218,TP53,T,C,0.05
17,7675223,TP53,A,C,0.05
17,7675224,TP53,G,C,0.05
17,7675232,TP53,G,T,0.05
17,7675232,TP53,G,A,0.05
17,7675233,TP53,A,G,0.05
17,7675235,TP53,T,C,0.05
17,7675236,TP53,A,T,0.05
17,7676031,TP53,A,C,0.05
17,7676037,TP53,A,G,0.05
17,7676040,TP53,C,G,0.05
17,7676050,TP53,A,C,0.05
17,7676564,TP53,C,T,0.05
17,8142702,PER1,G,C,0.05
17,8142798,PER1,G,A,0.05
17,8143486,PER1,G,A,0.05
17,8143768,PER1,G,A,0.05
17,8146450,PER1,A,G,0.05
17,8147489,PER1,A,G,0.05
17,8147798,PER1,G,A,0.05
17,8148188,PER1,C,G,0.05
17,8149549,PER1,C,T,0.05
17,8150114,PER1,G,A,0.05
17,8150234,PER1,G,A,0.05
17,9934203,GAS7,G,A,0.05
17,12081397,MAP2K4,T,G,0.05
17,12095581,MAP2K4,C,T,0.05
17,12107827,MAP2K4,C,T,0.05
17,12107833,MAP2K4,A,G,0.05
17,12110410,MAP2K4,G,C,0.05
17,12113248,MAP2K4,A,G,0.05
17,12113299,MAP2K4,G,T,0.05
17,12113317,MAP2K4,C,T,0.05
17,12125295,MAP2K4,C,G,0.05
17,12125297,MAP2K4,G,A,0.05
17,12125348,MAP2K4,G,T,0.05
17,12129164,MAP2K4,C,G,0.05
17,12139867,MAP2K4,A,C,0.05
17,12141214,MAP2K4,T,C,0.05
17,16032429,NCOR1,G,A,0.05
17,16034890,NCOR1,G,A,0.05
17,16039608,NCOR1,A,T,0.05
17,16040469,NCOR1,G,C,0.05
17,16061557,NCOR1,G,A,0.05
17,16061749,NCOR1,C,T,0.05
17,16061761,NCOR1,C,G,0.05
17,16061832,NCOR1,G,T,0.05
17,16061833,NCOR1,C,T,0.05
17,16062229,NCOR1,G,A,0.05
17,16065554,NCOR1,G,A,0.05
17,16075560,NCOR1,T,C,0.05
17,16080483,NCOR1,C,T,0.05
17,16086373,NCOR1,G,T,0.05
17,16091945,NCOR1,C,G,0.05
17,16108807,NCOR1,C,T,0.05
17,16108889,NCOR1,C,A,0.05
17,16126125,NCOR1,C,G,0.05
17,16158834,NCOR1,C,T,0.05
17,16165124,NCOR1,G,A,0.05
17,16194515,NCOR1,G,A,0.05
17,16194551,NCOR1,G,A,0.05
17,17226292,FLCN,C,T,0.05
17,20204480,SPECC1,C,T,0.05
17,20205738,SPECC1,G,T,0.05
17,20260247,SPECC1,C,A,0.05
17,20314009,SPECC1,G,A,0.05
17,31163271,NF1,G,C,0.05
17,31201052,NF1,C,G,0.05
17,31219047,NF1,G,C,0.05
17,31219063,NF1,T,C,0.05
17,31226580,NF1,A,T,0.05
17,31229461,NF1,G,A,0.05
17,31235650,NF1,C,T,0.05
17,31235964,NF1,G,A,0.05
17,31259040,NF1,G,C,0.05
17,31330366,NF1,G,C,0.05
17,31330373,NF1,C,T,0.05
17,31336704,NF1,C,G,0.05
17,31340636,NF1,C,G,0.05
17,31358545,NF1,A,G,0.05
17,31940296,SUZ12,G,C,0.05
17,31976604,SUZ12,G,C,0.05
17,31994711,SUZ12,C,G,0.05
17,38715669,MLLT6,G,A,0.05
17,38716423,MLLT6,G,C,0.05
17,38898488,LASP1,G,A,0.05
17,38918642,LASP1,A,C,0.05
17,39511567,CDK12,G,C,0.05
17,39515732,CDK12,T,G,0.05
17,39515738,CDK12,C,A,0.05
17,39525986,CDK12,C,T,0.05
17,39710119,ERBB2,G,A,0.05
17,39711943,ERBB2,C,T,0.05
17,39711952,ERBB2,G,C,0.05
17,39711963,ERBB2,C,G,0.05
17,39715504,ERBB2,C,A,0.05
17,39723405,ERBB2,G,A,0.05
17,39723966,ERBB2,T,A,0.05
17,39723967,ERBB2,T,G,0.05
17,39723967,ERBB2,T,C,0.05
17,39724004,ERBB2,C,G,0.05
17,39724008,ERBB2,G,T,0.05
17,39724008,ERBB2,G,C,0.05
17,39724747,ERBB2,G,C,0.05
17,39724747,ERBB2,G,T,0.05
17,39724808,ERBB2,T,C,0.05
17,39724891,ERBB2,T,C,0.05
17,39725079,ERBB2,G,A,0.05
17,39725797,ERBB2,A,G,0.05
17,40352394,RARA,T,C,0.05
17,40354351,RARA,T,C,0.05
17,40354401,RARA,G,A,0.05
17,40555188,CCR7,C,T,0.05
17,40555464,CCR7,T,A,0.05
17,40628897,SMARCE1,T,A,0.05
17,40628976,SMARCE1,C,T,0.05
17,40632259,SMARCE1,G,A,0.05
17,40632307,SMARCE1,C,T,0.05
17,40636496,SMARCE1,C,G,0.05
17,42212172,STAT5B,C,G,0.05
17,42216076,STAT5B,G,A,0.05
17,42217248,STAT5B,C,T,0.05
17,42218178,STAT5B,G,C,0.05
17,42219788,STAT5B,G,A,0.05
17,42224856,STAT5B,G,A,0.05
17,42316875,STAT3,A,G,0.05
17,42322476,STAT3,G,A,0.05
17,42323316,STAT3,C,A,0.05
17,42329423,STAT3,C,T,0.05
17,42329558,STAT3,T,C,0.05
17,42329636,STAT3,A,T,0.05
17,42348489,STAT3,G,C,0.05
17,43047678,BRCA1,T,A,0.05
17,43049164,BRCA1,C,A,0.05
17,43071182,BRCA1,C,G,0.05
17,43082506,BRCA1,C,T,0.05
17,43091501,BRCA1,C,G,0.05
17,43092239,BRCA1,G,T,0.05
17,43092277,BRCA1,C,A,0.05
17,43092451,BRCA1,C,A,0.05
17,43092787,BRCA1,G,C,0.05
17,43104883,BRCA1,C,G,0.05
17,43124072,BRCA1,C,G,0.05
17,43124091,BRCA1,A,T,0.05
17,49607926,SPOP,C,T,0.05
17,49611337,SPOP,C,G,0.05
17,49619043,SPOP,C,T,0.05
17,49621982,SPOP,G,C,0.05
17,49817981,KAT7,G,A,0.05
17,49826077,KAT7,C,T,0.05
17,49826697,KAT7,C,G,0.05
17,50185881,COL1A1,C,T,0.05
17,50187086,COL1A1,C,G,0.05
17,50188140,COL1A1,C,T,0.05
17,50189388,COL1A1,C,T,0.05
17,50189393,COL1A1,C,A,0.05
17,50190578,COL1A1,C,T,0.05
17,50197056,COL1A1,C,T,0.05
17,55268063,HLF,G,A,0.05
17,55320718,HLF,C,G,0.05
17,55320739,HLF,G,C,0.05
17,55320764,HLF,C,G,0.05
17,57596888,MSI2,G,A,0.05
17,57627294,MSI2,C,G,0.05
17,57652153,MSI2,G,C,0.05
17,57675016,MSI2,C,A,0.05
17,58358439,RNF43,G,T,0.05
17,58371014,RNF43,C,T,0.05
17,59620153,CLTC,C,T,0.05
17,59648366,CLTC,T,C,0.05
17,59666917,CLTC,C,G,0.05
17,59680933,CLTC,G,C,0.05
17,59681032,CLTC,G,C,0.05
17,59681773,CLTC,G,C,0.05
17,59682638,CLTC,C,A,0.05
17,59683459,CLTC,G,C,0.05
17,59683944,CLTC,G,A,0.05
17,60647930,PPM1D,G,A,0.05
17,61744540,BRIP1,G,C,0.05
17,61799179,BRIP1,C,T,0.05
17,61799179,BRIP1,C,G,0.05
17,61808497,BRIP1,C,G,0.05
17,61849236,BRIP1,G,C,0.05
17,63929246,CD79B,C,T,0.05
17,64500611,DDX5,A,C,0.05
17,64502203,DDX5,T,C,0.05
17,64502542,DDX5,G,A,0.05
17,64503220,DDX5,G,T,0.05
17,64504022,DDX5,C,A,0.05
17,64504315,DDX5,C,T,0.05
17,65557909,AXIN2,C,T,0.05
17,65558090,AXIN2,C,G,0.05
17,65558107,AXIN2,C,G,0.05
17,65558569,AXIN2,G,A,0.05
17,68530393,PRKAR1A,G,T,0.05
17,76736420,SRSF2,G,C,0.05
17,76737058,SRSF2,C,G,0.05
17,80298454,RNF213,G,A,0.05
17,80332528,RNF213,A,G,0.05
17,80344844,RNF213,A,G,0.05
17,80346013,RNF213,C,G,0.05
17,80346802,RNF213,C,T,0.05
17,80347062,RNF213,G,T,0.05
17,80347994,RNF213,G,A,0.05
17,80348047,RNF213,G,A,0.05
17,80352989,RNF213,G,A,0.05
17,80358403,RNF213,T,C,0.05
17,80367821,RNF213,A,G,0.05
17,80369824,RNF213,C,G,0.05
17,80374581,RNF213,G,C,0.05
17,80386375,RNF213,C,T,0.05
17,80388640,RNF213,A,G,0.05
17,80389344,RNF213,G,T,0.05
17,81983580,ASPSCR1,C,A,0.05
17,81983660,ASPSCR1,G,C,0.05
17,82009491,ASPSCR1,G,A,0.05
18,25224920,ZNF521,C,T,0.05
18,25226905,ZNF521,C,T,0.05
18,26039429,SS18,G,C,0.05
18,26057679,SS18,G,A,0.05
18,26057738,SS18,G,T,0.05
18,26078108,SS18,A,T,0.05
18,44701681,SETBP1,G,A,0.05
18,44701709,SETBP1,G,T,0.05
18,44950162,SETBP1,G,C,0.05
18,44950526,SETBP1,G,C,0.05
18,44951960,SETBP1,G,C,0.05
18,44952555,SETBP1,C,A,0.05
18,44952620,SETBP1,C,G,0.05
18,44953029,SETBP1,C,T,0.05
18,45063263,SETBP1,G,C,0.05
18,47841907,SMAD2,G,C,0.05
18,47845731,SMAD2,A,C,0.05
18,47848539,SMAD2,G,C,0.05
18,47896598,SMAD2,C,A,0.05
18,51048762,SMAD4,T,G,0.05
18,51048830,SMAD4,C,T,0.05
18,51065518,SMAD4,G,C,0.05
18,51065549,SMAD4,G,A,0.05
18,51067122,SMAD4,G,A,0.05
18,52752249,DCC,C,G,0.05
18,53063308,DCC,C,T,0.05
18,53063403,DCC,G,C,0.05
18,53066061,DCC,C,T,0.05
18,53157433,DCC,C,T,0.05
18,53391753,DCC,G,A,0.05
18,53450527,DCC,C,T,0.05
18,53526715,DCC,G,A,0.05
18,58733538,MALT1,G,C,0.05
18,58745678,MALT1,G,A,0.05
19,1220645,STK11,C,T,0.05
19,1612421,TCF3,C,G,0.05
19,1615426,TCF3,G,A,0.05
19,3113348,GNA11,C,T,0.05
19,4117475,MAP2K2,C,T,0.05
19,4117572,MAP2K2,C,G,0.05
19,4365585,SH3GL1,C,A,0.05
19,6270696,MLLT1,C,G,0.05
19,6826663,VAV1,C,G,0.05
19,6828851,VAV1,G,A,0.05
19,6833614,VAV1,G,A,0.05
19,6833920,VAV1,C,T,0.05
19,8851690,MUC16,T,G,0.05
19,8863420,MUC16,G,T,0.05
19,8866976,MUC16,C,G,0.05
19,8882760,MUC16,G,T,0.05
19,8884976,MUC16,G,C,0.05
19,8886835,MUC16,G,T,0.05
19,8889881,MUC16,G,A,0.05
19,8891499,MUC16,C,G,0.05
19,8895006,MUC16,G,T,0.05
19,8895021,MUC16,C,T,0.05
19,8895042,MUC16,C,T,0.05
19,8952420,MUC16,G,A,0.05
19,10783045,DNM2,C,A,0.05
19,10825066,DNM2,G,A,0.05
19,10986371,SMARCA4,C,T,0.05
19,11013065,SMARCA4,G,T,0.05
19,11021752,SMARCA4,G,A,0.05
19,11023558,SMARCA4,G,A,0.05
19,11027902,SMARCA4,A,G,0.05
19,11030773,SMARCA4,C,A,0.05
19,11033318,SMARCA4,G,A,0.05
19,11060114,SMARCA4,G,A,0.05
19,12939617,CALR,A,G,0.05
19,12943582,CALR,G,A,0.05
19,14097470,PRKACA,G,A,0.05
19,14097632,PRKACA,A,T,0.05
19,14097632,PRKACA,A,G,0.05
19,14100863,PRKACA,C,G,0.05
19,14100869,PRKACA,C,T,0.05
19,14102904,PRKACA,A,G,0.05
19,14516744,DNAJB1,G,T,0.05
19,15256177,BRD4,C,G,0.05
19,16076089,TPM4,A,C,0.05
19,17826888,JAK3,C,A,0.05
19,17831727,JAK3,G,A,0.05
19,17832836,JAK3,G,A,0.05
19,17835154,JAK3,C,G,0.05
19,17838020,JAK3,C,T,0.05
19,18446379,ELL,C,T,0.05
19,18450759,ELL,C,A,0.05
19,18451562,ELL,G,C,0.05
19,18465538,ELL,G,T,0.05
19,18465913,ELL,G,C,0.05
19,21529736,ZNF429,T,A,0.05
19,21536315,ZNF429,G,A,0.05
19,21536778,ZNF429,C,T,0.05
19,21536834,ZNF429,G,C,0.05
19,21537233,ZNF429,G,C,0.05
19,21537812,ZNF429,C,T,0.05
19,21537886,ZNF429,T,G,0.05
19,21537905,ZNF429,G,C,0.05
19,29822460,CCNE1,G,A,0.05
19,29822550,CCNE1,G,A,0.05
19,32960036,CEP89,G,C,0.05
19,34219498,LSM14A,G,C,0.05
19,34221550,LSM14A,G,A,0.05
19,40235999,AKT2,C,T,0.05
19,40236350,AKT2,G,C,0.05
19,40255186,AKT2,T,C,0.05
19,41879578,CD79A,G,T,0.05
19,41879597,CD79A,G,A,0.05
19,42294898,CIC,C,T,0.05
19,44756284,BCL3,G,T,0.05
19,44782452,CBLC,T,C,0.05
19,45357362,ERCC2,G,A,0.05
19,48960831,BAX,G,A,0.05
19,48960839,BAX,C,G,0.05
19,50402705,POLD1,G,A,0.05
19,50403552,POLD1,G,C,0.05
19,50406448,POLD1,T,A,0.05
19,50876623,KLK2,G,A,0.05
19,50876719,KLK2,T,C,0.05
19,50878492,KLK2,C,T,0.05
19,52201998,PPP2R1A,G,C,0.05
19,52212729,PPP2R1A,C,T,0.05
19,52212777,PPP2R1A,G,C,0.05
19,52215860,PPP2R1A,G,A,0.05
19,54143181,CNOT3,C,G,0.05
19,54143472,CNOT3,G,A,0.05
19,54145621,CNOT3,G,C,0.05
19,54145759,CNOT3,G,T,0.05
19,54146616,CNOT3,G,A,0.05
19,54146616,CNOT3,G,C,0.05
20,1922396,SIRPA,C,A,0.05
20,1937417,SIRPA,G,C,0.05
20,20038366,CRNKL1,G,A,0.05
20,20040746,CRNKL1,C,A,0.05
20,20042372,CRNKL1,T,A,0.05
20,20045436,CRNKL1,C,G,0.05
20,20050511,CRNKL1,C,T,0.05
20,32369050,ASXL1,T,C,0.05
20,32433809,ASXL1,A,T,0.05
20,32434780,ASXL1,G,C,0.05
20,32435728,ASXL1,G,A,0.05
20,32436094,ASXL1,G,T,0.05
20,32436305,ASXL1,G,T,0.05
20,37397801,SRC,C,T,0.05
20,37402451,SRC,C,T,0.05
20,41115432,TOP1,G,C,0.05
20,41122083,TOP1,G,A,0.05
20,41165039,PLCG1,G,A,0.05
20,41166548,PLCG1,C,G,0.05
20,41166595,PLCG1,G,A,0.05
20,41169524,PLCG1,T,A,0.05
20,41170235,PLCG1,A,G,0.05
20,41173750,PLCG1,G,C,0.05
20,41173937,PLCG1,C,T,0.05
20,41174236,PLCG1,G,A,0.05
20,42106797,PTPRT,C,A,0.05
20,42118489,PTPRT,C,T,0.05
20,42128818,PTPRT,C,T,0.05
20,42141942,PTPRT,T,C,0.05
20,42161388,PTPRT,C,G,0.05
20,42161483,PTPRT,G,A,0.05
20,42315799,PTPRT,T,C,0.05
20,42791274,PTPRT,C,A,0.05
20,42791423,PTPRT,C,G,0.05
20,42791440,PTPRT,C,T,0.05
20,42791463,PTPRT,G,C,0.05
20,45335800,SDC4,A,T,0.05
20,51435228,NFATC2,C,G,0.05
20,51475488,NFATC2,G,T,0.05
20,51516837,NFATC2,C,T,0.05
20,51523892,NFATC2,G,C,0.05
20,51788964,SALL4,G,A,0.05
20,51790751,SALL4,G,C,0.05
20,51791056,SALL4,G,A,0.05
20,51791191,SALL4,C,T,0.05
20,58853702,GNAS,G,A,0.05
20,58853778,GNAS,G,C,0.05
20,58854229,GNAS,C,G,0.05
20,58854269,GNAS,C,T,0.05
20,58891804,GNAS,C,G,0.05
20,58909365,GNAS,C,T,0.05
20,58909964,GNAS,A,G,0.05
20,58910772,GNAS,C,G,0.05
20,58910809,GNAS,C,T,0.05
21,34799319,RUNX1,G,A,0.05
21,34859494,RUNX1,T,C,0.05
21,34859522,RUNX1,A,G,0.05
21,34859569,RUNX1,A,G,0.05
21,34880563,RUNX1,C,G,0.05
21,34880583,RUNX1,A,G,0.05
21,34880649,RUNX1,T,C,0.05
21,34880661,RUNX1,C,T,0.05
21,34880701,RUNX1,C,G,0.05
21,34886887,RUNX1,G,A,0.05
21,34886903,RUNX1,G,T,0.05
21,34886904,RUNX1,A,T,0.05
21,34887105,RUNX1,A,C,0.05
21,38383798,ERG,G,A,0.05
21,38383804,ERG,C,T,0.05
21,38383888,ERG,C,T,0.05
21,38403654,ERG,T,A,0.05
21,38423418,ERG,A,T,0.05
21,38445541,ERG,C,T,0.05
21,41494577,TMPRSS2,C,A,0.05
22,19209062,CLTCL1,C,G,0.05
22,19216210,CLTCL1,G,A,0.05
22,19223960,CLTCL1,G,C,0.05
22,19225541,CLTCL1,C,A,0.05
22,19233427,CLTCL1,C,A,0.05
22,19235776,CLTCL1,G,A,0.05
22,19235854,CLTCL1,C,T,0.05
22,19719887,SEPTIN5,C,A,0.05
22,19720664,SEPTIN5,C,T,0.05
22,20091578,DGCR8,C,G,0.05
22,20091960,DGCR8,C,A,0.05
22,20107275,DGCR8,G,C,0.05
22,20982475,LZTR1,C,G,0.05
22,20987536,LZTR1,G,A,0.05
22,20988117,LZTR1,C,T,0.05
22,20991692,LZTR1,G,A,0.05
22,20992861,LZTR1,C,T,0.05
22,20993967,LZTR1,G,A,0.05
22,20994926,LZTR1,G,A,0.05
22,20994946,LZTR1,C,T,0.05
22,20995826,LZTR1,G,A,0.05
22,21807725,MAPK1,C,T,0.05
22,23285106,BCR,G,C,0.05
22,23816925,SMARCB1,G,A,0.05
22,28699924,CHEK2,C,G,0.05
22,28710025,CHEK2,A,T,0.05
22,28719469,CHEK2,A,C,0.05
22,28734493,CHEK2,C,G,0.05
22,29046781,ZNRF3,G,C,0.05
22,29049247,ZNRF3,C,T,0.05
22,29049731,ZNRF3,C,T,0.05
22,29297923,EWSR1,G,A,0.05
22,29298802,EWSR1,G,C,0.05
22,36284166,MYH9,G,A,0.05
22,36284404,MYH9,T,G,0.05
22,36295649,MYH9,G,C,0.05
22,36298933,MYH9,A,G,0.05
22,36298988,MYH9,C,G,0.05
22,36300237,MYH9,C,T,0.05
22,36300953,MYH9,T,G,0.05
22,36304095,MYH9,G,A,0.05
22,36305086,MYH9,G,A,0.05
22,36306535,MYH9,C,T,0.05
22,36306536,MYH9,G,A,0.05
22,36312059,MYH9,T,C,0.05
22,36312189,MYH9,C,T,0.05
22,36312212,MYH9,G,A,0.05
22,36314306,MYH9,C,G,0.05
22,36319609,MYH9,G,A,0.05
22,36341519,MYH9,G,A,0.05
22,36348957,MYH9,C,T,0.05
22,36348963,MYH9,G,C,0.05
22,39225803,PDGFB,G,A,0.05
22,40420997,MRTFA,G,A,0.05
22,40429705,MRTFA,C,T,0.05
22,41127560,EP300,C,T,0.05
22,41131454,EP300,C,T,0.05
22,41135876,EP300,C,T,0.05
22,41141098,EP300,A,T,0.05
22,41149879,EP300,C,T,0.05
22,41170471,EP300,A,C,0.05
22,41172654,EP300,A,T,0.05
22,41177226,EP300,G,A,0.05
22,41177565,EP300,A,G,0.05
22,41177734,EP300,C,T,0.05
X,1198659,CRLF2,G,C,0.05
X,1466504,P2RY8,T,G,0.05
X,15790972,ZRSR2,G,A,0.05
X,15804195,ZRSR2,G,C,0.05
X,20132224,EIF1AX,C,T,0.05
X,20138614,EIF1AX,C,G,0.05
X,37008525,FAM47C,A,G,0.05
X,37008565,FAM47C,C,T,0.05
X,37008571,FAM47C,G,T,0.05
X,37008742,FAM47C,A,T,0.05
X,37009000,FAM47C,G,T,0.05
X,37009335,FAM47C,G,C,0.05
X,37009393,FAM47C,C,T,0.05
X,37009509,FAM47C,C,T,0.05
X,37010562,FAM47C,C,T,0.05
X,37010622,FAM47C,C,T,0.05
X,37010947,FAM47C,G,C,0.05
X,40063740,BCOR,G,T,0.05
X,40063787,BCOR,G,A,0.05
X,40073086,BCOR,G,A,0.05
X,40073554,BCOR,C,T,0.05
X,40073727,BCOR,C,T,0.05
X,40074275,BCOR,G,T,0.05
X,40074891,BCOR,G,A,0.05
X,40077869,BCOR,G,A,0.05
X,41337443,DDX3X,G,C,0.05
X,41341613,DDX3X,G,A,0.05
X,41342635,DDX3X,C,T,0.05
X,41343740,DDX3X,C,T,0.05
X,41344252,DDX3X,C,A,0.05
X,41344303,DDX3X,T,G,0.05
X,41346234,DDX3X,G,C,0.05
X,41346918,DDX3X,C,A,0.05
X,41347449,DDX3X,G,A,0.05
X,44961387,KDM6A,C,G,0.05
X,45034982,KDM6A,G,A,0.05
X,45053861,KDM6A,G,C,0.05
X,45063486,KDM6A,C,T,0.05
X,45069861,KDM6A,G,A,0.05
X,45079202,KDM6A,G,C,0.05
X,45082764,KDM6A,A,G,0.05
X,45083463,KDM6A,G,T,0.05
X,45083531,KDM6A,T,C,0.05
X,45085883,KDM6A,A,G,0.05
X,45090752,KDM6A,T,C,0.05
X,47169400,RBM10,G,A,0.05
X,47182246,RBM10,G,A,0.05
X,47185617,RBM10,C,T,0.05
X,47565051,ARAF,C,T,0.05
X,47568721,ARAF,G,C,0.05
X,47568845,ARAF,G,A,0.05
X,47568877,ARAF,G,C,0.05
X,47569960,ARAF,G,A,0.05
X,47571372,ARAF,G,A,0.05
X,48257773,SSX1,T,A,0.05
X,48257774,SSX1,C,T,0.05
X,48263914,SSX1,T,A,0.05
X,48266330,SSX1,G,C,0.05
X,48684352,WAS,C,T,0.05
X,48684356,WAS,G,T,0.05
X,48688917,WAS,C,A,0.05
X,48689381,WAS,T,G,0.05
X,48792451,GATA1,C,T,0.05
X,48793842,GATA1,G,A,0.05
X,49030363,TFE3,T,A,0.05
X,49031447,TFE3,G,A,0.05
X,52698055,SSX2,C,G,0.05
X,53194294,KDM5C,C,G,0.05
X,53194296,KDM5C,T,A,0.05
X,53194357,KDM5C,C,T,0.05
X,53196726,KDM5C,C,T,0.05
X,53201623,KDM5C,G,A,0.05
X,53210447,KDM5C,C,T,0.05
X,53211521,KDM5C,T,G,0.05
X,53217954,KDM5C,C,T,0.05
X,53383235,SMC1A,C,T,0.05
X,53396294,SMC1A,G,T,0.05
X,53396375,SMC1A,A,T,0.05
X,53405034,SMC1A,C,T,0.05
X,53411767,SMC1A,C,G,0.05
X,53412240,SMC1A,C,G,0.05
X,53412931,SMC1A,G,A,0.05
X,64190240,AMER1,G,A,0.05
X,64190460,AMER1,C,A,0.05
X,64191878,AMER1,C,T,0.05
X,64192169,AMER1,G,A,0.05
X,64192227,AMER1,C,T,0.05
X,64192298,AMER1,T,G,0.05
X,64192440,AMER1,C,G,0.05
X,65731910,MSN,C,G,0.05
X,65737276,MSN,G,A,0.05
X,65739132,MSN,C,T,0.05
X,67643320,AR,C,A,0.05
X,67643342,AR,C,T,0.05
X,67711428,AR,C,A,0.05
X,67721874,AR,G,A,0.05
X,67722972,AR,C,A,0.05
X,67723720,AR,T,A,0.05
X,71118807,MED12,G,A,0.05
X,71120139,MED12,G,T,0.05
X,71121075,MED12,G,A,0.05
X,71121118,MED12,A,T,0.05
X,71122770,MED12,G,A,0.05
X,71125071,MED12,G,T,0.05
X,71125379,MED12,A,G,0.05
X,71127020,MED12,G,T,0.05
X,71128316,MED12,T,A,0.05
X,71129196,MED12,T,A,0.05
X,71132094,MED12,A,T,0.05
X,71132189,MED12,G,C,0.05
X,71241239,ZMYM3,T,C,0.05
X,71242338,ZMYM3,G,C,0.05
X,71247486,ZMYM3,G,A,0.05
X,71250105,ZMYM3,G,A,0.05
X,71291916,NONO,G,A,0.05
X,71297888,NONO,G,A,0.05
X,77523352,ATRX,C,T,0.05
X,77557501,ATRX,C,T,0.05
X,77557561,ATRX,G,A,0.05
X,77593723,ATRX,C,G,0.05
X,77616685,ATRX,C,T,0.05
X,77634615,ATRX,C,T,0.05
X,77656622,ATRX,A,T,0.05
X,77676296,ATRX,C,G,0.05
X,77682990,ATRX,C,T,0.05
X,77683100,ATRX,G,C,0.05
X,77683289,ATRX,G,A,0.05
X,77683451,ATRX,C,T,0.05
X,77684022,ATRX,C,A,0.05
X,77684051,ATRX,A,T,0.05
X,77684087,ATRX,C,T,0.05
X,77684516,ATRX,T,C,0.05
X,77696610,ATRX,C,T,0.05
X,77717140,ATRX,G,C,0.05
X,77717163,ATRX,G,A,0.05
X,101353237,BTK,G,C,0.05
X,101354687,BTK,C,G,0.05
X,101358417,BTK,C,T,0.05
X,101359295,BTK,C,T,0.05
X,101362184,BTK,C,T,0.05
X,101374598,BTK,T,C,0.05
X,108733595,IRS4,C,A,0.05
X,108734141,IRS4,G,T,0.05
X,108735278,IRS4,G,C,0.05
X,108735534,IRS4,C,T,0.05
X,108735906,IRS4,C,A,0.05
X,108736113,IRS4,C,T,0.05
X,119637043,SEPTIN6,C,G,0.05
X,119675655,SEPTIN6,C,T,0.05
X,124045339,STAG2,G,A,0.05
X,124047441,STAG2,G,A,0.05
X,124051341,STAG2,C,A,0.05
X,124056153,STAG2,G,A,0.05
X,124056165,STAG2,A,T,0.05
X,124061263,STAG2,G,A,0.05
X,124062941,STAG2,A,T,0.05
X,124062975,STAG2,T,C,0.05
X,124065943,STAG2,A,G,0.05
X,124077984,STAG2,A,G,0.05
X,124083494,STAG2,C,T,0.05
X,126164585,DCAF12L2,C,G,0.05
X,126165099,DCAF12L2,C,T,0.05
X,130014373,BCORL1,G,A,0.05
X,130014864,BCORL1,G,T,0.05
X,130015825,BCORL1,C,T,0.05
X,130037464,BCORL1,G,T,0.05
X,130055949,BCORL1,C,T,0.05
X,130055981,BCORL1,G,T,0.05
X,130056008,BCORL1,G,A,0.05
X,130067001,ELF4,C,G,0.05
X,130067008,ELF4,G,A,0.05
X,130067196,ELF4,C,T,0.05
X,130067266,ELF4,G,C,0.05
X,130067266,ELF4,G,A,0.05
X,130069565,ELF4,C,T,0.05
X,133753613,GPC3,G,T,0.05
X,134413493,PHF6,G,A,0.05
X,134413918,PHF6,A,C,0.05
X,134425214,PHF6,A,T,0.05
X,153541759,ATP2B3,G,T,0.05
X,153541768,ATP2B3,T,C,0.05
X,153541810,ATP2B3,G,A,0.05
X,153541856,ATP2B3,C,G,0.05
X,153542379,ATP2B3,G,A,0.05
X,153550212,ATP2B3,G,A,0.05
X,153559799,ATP2B3,T,G,0.05
X,153559871,ATP2B3,G,A,0.05
X,153562205,ATP2B3,G,A,0.05
X,153562241,ATP2B3,A,T,0.05
X,153565041,ATP2B3,G,C,0.05
X,153565048,ATP2B3,A,T,0.05
X,154349024,FLNA,A,T,0.05
X,154349730,FLNA,C,A,0.05
X,154350157,FLNA,C,A,0.05
X,154350950,FLNA,G,A,0.05
X,154350960,FLNA,G,A,0.05
X,154352600,FLNA,G,A,0.05
X,154354878,FLNA,T,C,0.05
X,154357511,FLNA,C,A,0.05
X,154357622,FLNA,T,C,0.05
X,154358243,FLNA,C,G,0.05
X,154359117,FLNA,A,T,0.05
X,154359864,FLNA,G,A,0.05
X,154359999,FLNA,C,G,0.05
X,154362266,FLNA,C,T,0.05
X,154364116,FLNA,C,T,0.05
X,154364584,FLNA,C,T,0.05
X,154364826,FLNA,G,A,0.05
X,154366734,FLNA,C,T,0.05
X,154371042,FLNA,C,G,0.05
X,154399820,RPL10,A,C,0.05
X,154399903,RPL10,C,G,0.05
X,154400604,RPL10,T,C,0.05
